repo_id,area,loc,rules_evaluated,rules_failing,findings_high,findings_medium,findings_low,findings_total
1,architecture,1063,7,0,0,0,0,0
1,maintainability,1063,15,2,1,61,0,62
1,manageability,1063,16,3,0,2,1,3
1,performance,1063,15,0,0,0,0,0
1,scalability,1063,13,0,0,0,0,0
1,security,1063,24,0,0,0,0,0
2,maintainability,23660,5,3,0,9,7,16
2,manageability,23660,11,3,6,16,0,22
2,performance,23660,11,3,8,32,0,40
2,scalability,23660,9,2,41,7,0,48
2,security,23660,38,2,51,0,0,51
3,architecture,39460,7,1,0,0,2,2
3,maintainability,39460,16,7,4,108,44,156
3,manageability,39460,21,6,109,137,14,260
3,performance,39460,20,6,10,48,1,59
3,scalability,39460,14,5,111,23,0,134
3,security,39460,43,4,27,14,0,41
4,maintainability,22992,5,3,0,30,37,67
4,manageability,22992,12,4,19,32,0,51
4,performance,22992,11,2,82,3,0,85
4,scalability,22992,9,3,161,7,0,168
4,security,22992,43,8,53,4,0,57
5,maintainability,6466,5,1,0,0,4,4
5,manageability,6466,10,0,0,0,0,0
5,performance,6466,11,1,1,0,0,1
5,scalability,6466,8,1,0,4,0,4
5,security,6466,28,0,0,0,0,0
6,architecture,32717,7,0,0,0,0,0
6,maintainability,32717,16,8,26,157,8,191
6,manageability,32717,22,9,8,174,30,212
6,performance,32717,20,5,55,34,2,91
6,scalability,32717,15,4,92,56,0,148
6,security,32717,53,4,5,7,0,12
7,architecture,144,7,0,0,0,0,0
7,maintainability,144,11,2,2,10,0,12
7,manageability,144,10,1,0,0,3,3
7,performance,144,9,0,0,0,0,0
7,scalability,144,6,0,0,0,0,0
7,security,144,10,0,0,0,0,0
8,maintainability,3726,5,1,0,5,0,5
8,manageability,3726,10,1,2,0,0,2
8,performance,3726,11,1,9,0,0,9
8,scalability,3726,8,0,0,0,0,0
8,security,3726,28,1,3,0,0,3
9,maintainability,189,4,0,0,0,0,0
9,manageability,189,3,1,0,13,0,13
9,performance,189,6,0,0,0,0,0
9,scalability,189,6,0,0,0,0,0
9,security,189,11,0,0,0,0,0
10,maintainability,3025,5,2,0,5,3,8
10,manageability,3025,11,3,3,6,0,9
10,performance,3025,11,3,1,16,0,17
10,scalability,3025,9,2,25,3,0,28
10,security,3025,38,0,0,0,0,0
11,manageability,5134,6,0,0,0,0,0
11,scalability,5134,1,0,0,0,0,0
11,security,5134,18,1,0,1,0,1
12,architecture,5803,12,0,0,0,0,0
12,maintainability,5803,18,6,0,13,11,24
12,manageability,5803,24,6,1,6,24,31
12,performance,5803,20,4,0,4,1,5
12,scalability,5803,19,3,4,6,0,10
12,security,5803,30,0,0,0,0,0
13,architecture,11691,7,1,0,0,1,1
13,maintainability,11691,11,5,4,85,0,89
13,manageability,11691,13,6,1,9,70,80
13,performance,11691,9,3,5,4,8,17
13,scalability,11691,7,1,22,0,0,22
13,security,11691,13,1,0,1,0,1
14,maintainability,21470,5,3,0,27,4,31
14,manageability,21470,11,4,5,13,0,18
14,performance,21470,11,3,73,10,0,83
14,scalability,21470,9,3,14,33,0,47
14,security,21470,38,2,1,1,0,2
15,maintainability,5707,5,1,0,2,0,2
15,manageability,5707,10,2,1,19,0,20
15,performance,5707,11,2,4,4,0,8
15,scalability,5707,8,2,18,7,0,25
15,security,5707,28,2,10,0,0,10
16,maintainability,80496,5,2,0,206,46,252
16,manageability,80496,12,4,27,391,0,418
16,performance,80496,11,5,222,45,0,267
16,scalability,80496,9,4,475,88,0,563
16,security,80496,43,7,29,11,0,40
17,maintainability,13846,5,2,0,5,3,8
17,manageability,13846,12,2,1,1,0,2
17,performance,13846,11,2,23,2,0,25
17,scalability,13846,9,2,0,7,0,7
17,security,13846,43,4,3,2,0,5
18,maintainability,8241,5,2,0,1,5,6
18,manageability,8241,10,1,0,2,0,2
18,performance,8241,11,2,2,2,0,4
18,scalability,8241,8,1,0,4,0,4
18,security,8241,28,2,8,0,0,8
19,maintainability,64634,5,3,0,262,155,417
19,manageability,64634,12,4,59,109,0,168
19,performance,64634,11,4,162,181,0,343
19,scalability,64634,9,6,459,41,0,500
19,security,64634,43,5,60,51,0,111
20,maintainability,1683,5,0,0,0,0,0
20,manageability,1683,10,0,0,0,0,0
20,performance,1683,11,1,5,0,0,5
20,scalability,1683,8,0,0,0,0,0
20,security,1683,28,1,3,0,0,3
21,architecture,1773,7,0,0,0,0,0
21,maintainability,1773,11,1,0,1,0,1
21,manageability,1773,10,2,0,0,6,6
21,performance,1773,9,0,0,0,0,0
21,scalability,1773,6,0,0,0,0,0
21,security,1773,10,0,0,0,0,0
22,architecture,410,7,0,0,0,0,0
22,maintainability,410,11,1,1,0,0,1
22,manageability,410,10,1,0,1,0,1
22,performance,410,9,0,0,0,0,0
22,scalability,410,6,0,0,0,0,0
22,security,410,10,0,0,0,0,0
23,maintainability,13575,5,2,0,14,7,21
23,manageability,13575,12,2,0,9,0,9
23,performance,13575,11,1,4,0,0,4
23,scalability,13575,9,3,9,5,0,14
23,security,13575,43,5,2,3,0,5
24,maintainability,29870,5,3,0,62,23,85
24,manageability,29870,11,2,16,41,0,57
24,performance,29870,11,5,57,95,0,152
24,scalability,29870,9,5,297,33,0,330
24,security,29870,38,5,7,12,0,19
25,maintainability,9497,5,2,0,9,12,21
25,manageability,9497,10,2,3,12,0,15
25,performance,9497,11,2,32,12,0,44
25,scalability,9497,8,1,36,0,0,36
25,security,9497,28,3,5,5,0,10
26,architecture,6345,7,0,0,0,0,0
26,maintainability,6345,16,1,0,0,3,3
26,manageability,6345,21,3,1,3,0,4
26,performance,6345,20,2,3,4,0,7
26,scalability,6345,14,4,5,5,0,10
26,security,6345,43,1,0,1,0,1
27,maintainability,64646,5,4,0,157,85,242
27,manageability,64646,12,4,33,54,0,87
27,performance,64646,11,4,194,28,0,222
27,scalability,64646,9,4,443,114,0,557
27,security,64646,43,4,15,20,0,35
28,maintainability,39105,5,3,0,25,21,46
28,manageability,39105,12,4,1,134,0,135
28,performance,39105,11,4,96,43,0,139
28,scalability,39105,9,4,54,34,0,88
28,security,39105,43,7,44,13,0,57
29,maintainability,7515,5,2,0,4,6,10
29,manageability,7515,11,4,3,5,0,8
29,performance,7515,11,4,25,4,0,29
29,scalability,7515,8,2,150,2,0,152
29,security,7515,33,3,7,8,0,15
30,architecture,10404,7,0,0,0,0,0
30,maintainability,10404,15,5,18,293,0,311
30,manageability,10404,17,8,41,201,13,255
30,performance,10404,15,4,3,21,2,26
30,scalability,10404,14,3,111,10,0,121
30,security,10404,34,0,0,0,0,0
31,maintainability,21689,5,2,0,99,8,107
31,manageability,21689,12,3,0,6,0,6
31,performance,21689,11,3,6,4,0,10
31,scalability,21689,9,3,34,13,0,47
31,security,21689,43,1,1,0,0,1
32,architecture,46303,7,1,0,0,9,9
32,maintainability,46303,16,7,23,160,29,212
32,manageability,46303,22,7,7,56,62,125
32,performance,46303,20,4,188,18,2,208
32,scalability,46303,15,4,38,20,0,58
32,security,46303,53,7,13,19,0,32
33,maintainability,9991,5,1,0,0,2,2
33,manageability,9991,11,0,0,0,0,0
33,performance,9991,11,1,6,0,0,6
33,scalability,9991,8,2,0,3,0,3
33,security,9991,33,1,5,0,0,5
34,architecture,9711,17,0,0,0,0,0
34,maintainability,9711,23,0,0,0,0,0
34,manageability,9711,38,1,0,2,0,2
34,performance,9711,35,0,0,0,0,0
34,scalability,9711,29,0,0,0,0,0
34,security,9711,68,0,0,0,0,0
35,maintainability,38236,5,2,0,35,5,40
35,manageability,38236,10,1,0,8,0,8
35,performance,38236,11,3,1,7,0,8
35,scalability,38236,8,2,2,4,0,6
35,security,38236,28,3,17,0,0,17
36,architecture,50618,7,1,0,0,1,1
36,maintainability,50618,16,5,48,290,69,407
36,manageability,50618,22,9,15,151,51,217
36,performance,50618,20,4,139,22,0,161
36,scalability,50618,15,5,332,45,0,377
36,security,50618,53,6,19,38,0,57
37,architecture,69541,7,0,0,0,0,0
37,maintainability,69541,16,3,0,162,21,183
37,manageability,69541,21,6,18,189,2,209
37,performance,69541,20,4,97,89,0,186
37,scalability,69541,15,4,250,35,0,285
37,security,69541,48,6,27,4,0,31
38,maintainability,4861,5,1,0,3,0,3
38,manageability,4861,11,1,0,56,0,56
38,performance,4861,11,0,0,0,0,0
38,scalability,4861,8,2,129,24,0,153
38,security,4861,33,2,2,0,0,2
39,maintainability,5358,5,1,0,0,2,2
39,manageability,5358,10,1,1,0,0,1
39,performance,5358,11,1,3,0,0,3
39,scalability,5358,8,0,0,0,0,0
39,security,5358,28,2,8,0,0,8
40,maintainability,132738,5,4,0,77,40,117
40,manageability,132738,11,3,37,281,0,318
40,performance,132738,11,7,185,42,0,227
40,scalability,132738,9,5,954,116,0,1070
40,security,132738,38,10,163,19,0,182
41,architecture,1841,7,0,0,0,0,0
41,maintainability,1841,15,0,0,0,0,0
41,manageability,1841,13,4,1,5,1,7
41,performance,1841,15,0,0,0,0,0
41,scalability,1841,12,1,2,0,0,2
41,security,1841,21,0,0,0,0,0
42,architecture,7661,7,0,0,0,0,0
42,maintainability,7661,11,2,0,25,0,25
42,manageability,7661,15,3,0,1,23,24
42,performance,7661,9,0,0,0,0,0
42,scalability,7661,7,0,0,0,0,0
42,security,7661,23,1,0,1,0,1
43,maintainability,8266,5,3,0,6,8,14
43,manageability,8266,10,2,7,20,0,27
43,performance,8266,11,1,0,15,0,15
43,scalability,8266,8,2,33,4,0,37
43,security,8266,28,3,6,8,0,14
44,maintainability,36902,5,3,0,57,11,68
44,manageability,36902,12,4,4,33,0,37
44,performance,36902,11,5,61,37,0,98
44,scalability,36902,9,4,155,14,0,169
44,security,36902,43,5,54,21,0,75
45,maintainability,5114,5,1,0,0,2,2
45,manageability,5114,11,0,0,0,0,0
45,performance,5114,11,0,0,0,0,0
45,scalability,5114,8,2,0,3,0,3
45,security,5114,33,3,19,1,0,20
46,maintainability,16925,5,2,0,21,12,33
46,manageability,16925,11,4,14,11,0,25
46,performance,16925,11,3,69,2,0,71
46,scalability,16925,8,3,5,16,0,21
46,security,16925,33,4,1,5,0,6
47,maintainability,95887,5,2,0,84,149,233
47,manageability,95887,11,4,58,58,0,116
47,performance,95887,11,3,563,306,0,869
47,scalability,95887,8,5,833,81,0,914
47,security,95887,33,4,5,4,0,9
48,architecture,256136,7,3,33,3,6,42
48,maintainability,256136,16,7,14,306,139,459
48,manageability,256136,21,8,72,87,6,165
48,performance,256136,20,6,242,33,21,296
48,scalability,256136,14,4,663,43,0,706
48,security,256136,43,6,22,71,0,93
49,architecture,4748,7,0,0,0,0,0
49,maintainability,4748,11,0,0,0,0,0
49,manageability,4748,10,1,0,0,6,6
49,performance,4748,9,0,0,0,0,0
49,scalability,4748,6,0,0,0,0,0
49,security,4748,10,0,0,0,0,0
50,maintainability,9206,5,2,0,1,5,6
50,manageability,9206,10,1,0,3,0,3
50,performance,9206,11,2,2,3,0,5
50,scalability,9206,8,2,2,5,0,7
50,security,9206,28,2,10,0,0,10
51,maintainability,13665,5,2,0,8,2,10
51,manageability,13665,12,4,8,36,0,44
51,performance,13665,11,2,10,11,0,21
51,scalability,13665,9,4,19,6,0,25
51,security,13665,43,6,13,5,0,18
52,maintainability,248399,5,0,0,0,0,0
52,manageability,248399,12,1,0,1,0,1
52,performance,248399,11,0,0,0,0,0
52,scalability,248399,9,0,0,0,0,0
52,security,248399,43,2,202,0,0,202
53,maintainability,15091,5,2,0,58,6,64
53,manageability,15091,10,3,3,6,0,9
53,performance,15091,11,4,14,9,0,23
53,scalability,15091,8,3,108,7,0,115
53,security,15091,28,2,4,1,0,5
54,maintainability,184417,5,3,0,352,371,723
54,manageability,184417,12,6,116,209,0,325
54,performance,184417,11,4,485,155,0,640
54,scalability,184417,9,5,1215,134,0,1349
54,security,184417,43,10,234,134,0,368
55,maintainability,45039,5,3,0,85,42,127
55,manageability,45039,11,4,15,667,0,682
55,performance,45039,11,5,93,191,0,284
55,scalability,45039,9,3,206,44,0,250
55,security,45039,38,4,39,5,0,44
56,architecture,85838,5,2,0,4,0,4
56,maintainability,85838,20,11,4,329,55,388
56,manageability,85838,15,8,87,614,0,701
56,performance,85838,18,7,133,159,0,292
56,scalability,85838,15,9,507,75,0,582
56,security,85838,50,10,53,23,0,76
57,architecture,67275,12,2,0,0,6,6
57,maintainability,67275,19,10,4,174,59,237
57,manageability,67275,29,10,16,367,3,386
57,performance,67275,25,5,72,122,0,194
57,scalability,67275,21,4,184,19,0,203
57,security,67275,54,6,28,8,0,36
58,architecture,6995,12,1,0,0,1,1
58,maintainability,6995,18,5,0,27,8,35
58,manageability,6995,24,4,0,16,1,17
58,performance,6995,20,2,0,1,2,3
58,scalability,6995,19,2,19,2,0,21
58,security,6995,30,1,8,0,0,8
59,maintainability,4291,4,2,0,3,4,7
59,manageability,4291,3,2,2,11,0,13
59,performance,4291,6,2,0,3,0,3
59,scalability,4291,6,2,245,12,0,257
59,security,4291,11,2,6,0,0,6
60,maintainability,66426,5,2,0,145,66,211
60,manageability,66426,12,4,94,144,0,238
60,performance,66426,11,3,280,26,0,306
60,scalability,66426,9,6,435,104,0,539
60,security,66426,43,10,31,11,0,42
61,architecture,1802,7,0,0,0,0,0
61,maintainability,1802,15,3,0,7,0,7
61,manageability,1802,13,2,2,4,0,6
61,performance,1802,15,1,0,1,0,1
61,scalability,1802,12,1,14,0,0,14
61,security,1802,21,2,7,0,0,7
62,maintainability,293587,5,4,1,718,371,1090
62,manageability,293587,12,6,185,458,0,643
62,performance,293587,11,6,1001,223,0,1224
62,scalability,293587,9,6,1487,334,0,1821
62,security,293587,43,12,190,176,0,366
63,maintainability,9499,5,2,0,2,4,6
63,manageability,9499,10,0,0,0,0,0
63,performance,9499,11,2,5,5,0,10
63,scalability,9499,8,1,0,4,0,4
63,security,9499,28,3,6,0,0,6
64,maintainability,11353,5,3,1,10,12,23
64,manageability,11353,11,1,6,0,0,6
64,performance,11353,11,2,10,2,0,12
64,scalability,11353,8,3,9,16,0,25
64,security,11353,33,3,0,5,0,5
65,architecture,29847,7,0,0,0,0,0
65,maintainability,29847,16,3,0,39,17,56
65,manageability,29847,22,4,10,33,0,43
65,performance,29847,20,5,101,20,0,121
65,scalability,29847,15,5,121,15,0,136
65,security,29847,53,7,34,21,0,55
66,maintainability,34645,5,3,0,27,18,45
66,manageability,34645,12,4,11,30,0,41
66,performance,34645,11,3,83,9,0,92
66,scalability,34645,9,5,367,55,0,422
66,security,34645,43,8,26,19,0,45
67,architecture,11676,5,0,0,0,0,0
67,maintainability,11676,20,3,0,6,16,22
67,manageability,11676,15,5,7,158,0,165
67,performance,11676,18,3,14,78,0,92
67,scalability,11676,15,5,39,18,0,57
67,security,11676,50,7,23,8,0,31
68,maintainability,883,5,1,0,3,0,3
68,manageability,883,9,3,5,3,0,8
68,performance,883,11,1,0,6,0,6
68,scalability,883,9,1,4,0,0,4
68,security,883,28,1,2,0,0,2
69,architecture,2931,12,1,0,0,2,2
69,maintainability,2931,18,8,5,31,1,37
69,manageability,2931,21,5,14,4,1,19
69,performance,2931,20,5,1,15,0,16
69,scalability,2931,18,2,2,13,0,15
69,security,2931,27,1,18,0,0,18
70,maintainability,10524,4,1,0,22,0,22
70,manageability,10524,3,1,0,7,0,7
70,performance,10524,6,2,0,5,0,5
70,scalability,10524,6,4,27,62,0,89
70,security,10524,11,1,5,0,0,5
71,maintainability,4301,5,1,0,1,0,1
71,manageability,4301,10,1,0,18,0,18
71,performance,4301,11,2,3,2,0,5
71,scalability,4301,8,1,0,8,0,8
71,security,4301,28,2,13,0,0,13
72,maintainability,2572,5,1,0,5,0,5
72,manageability,2572,10,0,0,0,0,0
72,performance,2572,11,1,5,0,0,5
72,scalability,2572,8,1,2,0,0,2
72,security,2572,28,1,4,0,0,4
73,maintainability,13713,5,3,0,22,16,38
73,manageability,13713,12,4,4,116,0,120
73,performance,13713,11,5,29,64,0,93
73,scalability,13713,9,3,7,12,0,19
73,security,13713,43,6,17,15,0,32
74,maintainability,4555,5,1,0,9,0,9
74,manageability,4555,9,4,3,15,0,18
74,performance,4555,11,2,4,2,0,6
74,scalability,4555,9,2,42,7,0,49
74,security,4555,28,0,0,0,0,0
75,maintainability,62981,5,4,0,101,25,126
75,manageability,62981,11,4,24,265,0,289
75,performance,62981,11,7,140,176,0,316
75,scalability,62981,8,4,256,83,0,339
75,security,62981,33,8,40,7,0,47
76,architecture,11987,7,3,0,1,3,4
76,maintainability,11987,11,5,34,146,0,180
76,manageability,11987,10,5,0,17,30,47
76,performance,11987,9,3,0,4,7,11
76,scalability,11987,6,1,2,0,0,2
76,security,11987,10,0,0,0,0,0
77,architecture,8224,7,0,0,0,0,0
77,maintainability,8224,11,1,1,0,0,1
77,manageability,8224,10,1,0,0,2,2
77,performance,8224,9,0,0,0,0,0
77,scalability,8224,6,0,0,0,0,0
77,security,8224,10,0,0,0,0,0
78,maintainability,14835,5,2,0,6,5,11
78,manageability,14835,10,1,0,3,0,3
78,performance,14835,11,1,13,0,0,13
78,scalability,14835,8,2,25,18,0,43
78,security,14835,28,2,19,0,0,19
79,maintainability,14237,5,0,0,0,0,0
79,manageability,14237,11,2,3,7,0,10
79,performance,14237,11,1,4,0,0,4
79,scalability,14237,8,2,16,0,0,16
79,security,14237,33,1,0,1,0,1
80,maintainability,75285,5,3,0,150,75,225
80,manageability,75285,12,4,11,79,0,90
80,performance,75285,11,4,199,68,0,267
80,scalability,75285,9,5,548,33,0,581
80,security,75285,43,10,68,29,0,97
81,maintainability,5282,5,2,0,3,0,3
81,manageability,5282,11,3,2,45,0,47
81,performance,5282,11,2,19,4,0,23
81,scalability,5282,8,3,196,3,0,199
81,security,5282,33,1,0,2,0,2
82,maintainability,191663,5,3,0,443,397,840
82,manageability,191663,12,6,101,134,0,235
82,performance,191663,11,4,302,116,0,418
82,scalability,191663,9,6,2140,122,0,2262
82,security,191663,43,8,169,162,0,331
83,architecture,9094,7,0,0,0,0,0
83,maintainability,9094,16,1,0,1,0,1
83,manageability,9094,22,5,3,5,2,10
83,performance,9094,20,2,2,1,0,3
83,scalability,9094,15,2,7,4,0,11
83,security,9094,53,1,0,1,0,1
84,maintainability,1163,4,0,0,0,0,0
84,manageability,1163,6,3,5,13,0,18
84,performance,1163,6,2,0,3,0,3
84,scalability,1163,7,2,12,4,0,16
84,security,1163,14,1,4,0,0,4
85,architecture,11657,12,1,0,0,2,2
85,maintainability,11657,14,1,0,1,0,1
85,manageability,11657,18,4,0,5,27,32
85,performance,11657,14,1,1,0,0,1
85,scalability,11657,12,0,0,0,0,0
85,security,11657,16,0,0,0,0,0
86,maintainability,74323,5,3,0,109,110,219
86,manageability,74323,12,4,9,31,0,40
86,performance,74323,11,5,150,24,0,174
86,scalability,74323,9,5,460,59,0,519
86,security,74323,43,8,8,13,0,21
87,maintainability,61140,5,3,0,121,128,249
87,manageability,61140,12,4,42,43,0,85
87,performance,61140,11,5,112,70,0,182
87,scalability,61140,9,4,436,78,0,514
87,security,61140,43,8,83,33,0,116
88,maintainability,3781,5,2,0,2,1,3
88,manageability,3781,10,1,0,9,0,9
88,performance,3781,11,2,15,2,0,17
88,scalability,3781,8,2,7,1,0,8
88,security,3781,28,2,17,0,0,17
89,maintainability,8129,5,3,0,27,3,30
89,manageability,8129,11,4,94,62,0,156
89,performance,8129,11,3,2,3,0,5
89,scalability,8129,8,2,39,1,0,40
89,security,8129,33,2,4,2,0,6
90,architecture,971,7,0,0,0,0,0
90,maintainability,971,15,1,0,9,0,9
90,manageability,971,13,1,0,0,1,1
90,performance,971,15,1,0,1,0,1
90,scalability,971,12,0,0,0,0,0
90,security,971,21,0,0,0,0,0
91,maintainability,18343,5,1,0,16,0,16
91,manageability,18343,10,1,0,6,0,6
91,performance,18343,11,2,35,1,0,36
91,scalability,18343,8,3,50,1,0,51
91,security,18343,28,3,33,6,0,39
92,maintainability,292111,5,4,4,657,203,864
92,manageability,292111,12,4,53,576,0,629
92,performance,292111,11,7,554,414,0,968
92,scalability,292111,9,6,1043,505,0,1548
92,security,292111,43,11,121,295,0,416
93,maintainability,15015,5,3,0,14,18,32
93,manageability,15015,12,3,4,15,0,19
93,performance,15015,11,1,33,0,0,33
93,scalability,15015,9,4,52,5,0,57
93,security,15015,43,3,13,5,0,18
94,maintainability,24509,5,2,0,53,30,83
94,manageability,24509,12,4,16,41,0,57
94,performance,24509,11,2,120,9,0,129
94,scalability,24509,9,4,194,19,0,213
94,security,24509,43,6,11,2,0,13
95,maintainability,575,5,0,0,0,0,0
95,manageability,575,10,0,0,0,0,0
95,performance,575,11,1,3,0,0,3
95,scalability,575,8,0,0,0,0,0
95,security,575,28,1,2,0,0,2
96,maintainability,117295,5,4,0,236,131,367
96,manageability,117295,12,4,27,454,0,481
96,performance,117295,11,4,532,96,0,628
96,scalability,117295,9,6,388,89,0,477
96,security,117295,43,8,46,83,0,129
97,maintainability,28912,5,3,0,54,15,69
97,manageability,28912,12,4,25,71,0,96
97,performance,28912,11,4,55,33,0,88
97,scalability,28912,9,5,208,20,0,228
97,security,28912,43,4,18,14,0,32
98,maintainability,223439,5,4,0,452,817,1269
98,manageability,223439,12,4,82,124,0,206
98,performance,223439,11,6,311,565,0,876
98,scalability,223439,9,6,2523,250,0,2773
98,security,223439,43,9,244,211,0,455
99,maintainability,1879,5,0,0,0,0,0
99,manageability,1879,10,1,1,0,0,1
99,performance,1879,11,2,1,1,0,2
99,scalability,1879,8,1,0,1,0,1
99,security,1879,28,1,1,0,0,1
100,architecture,8323,7,1,0,0,1,1
100,maintainability,8323,11,4,47,141,0,188
100,manageability,8323,10,4,0,8,19,27
100,performance,8323,9,2,0,4,13,17
100,scalability,8323,6,1,9,0,0,9
100,security,8323,10,0,0,0,0,0
101,maintainability,13832,5,2,0,8,7,15
101,manageability,13832,11,3,2,11,0,13
101,performance,13832,11,2,34,2,0,36
101,scalability,13832,9,2,27,7,0,34
101,security,13832,38,1,4,0,0,4
102,maintainability,25670,5,3,0,16,10,26
102,manageability,25670,11,4,4,265,0,269
102,performance,25670,11,3,6,25,0,31
102,scalability,25670,9,4,150,8,0,158
102,security,25670,38,5,21,10,0,31
103,maintainability,31286,5,2,0,56,34,90
103,manageability,31286,10,2,2,3,0,5
103,performance,31286,11,2,98,1,0,99
103,scalability,31286,8,2,130,15,0,145
103,security,31286,28,2,4,2,0,6
104,maintainability,20339,5,3,0,48,37,85
104,manageability,20339,12,4,6,169,0,175
104,performance,20339,11,3,36,38,0,74
104,scalability,20339,9,5,96,12,0,108
104,security,20339,43,4,7,6,0,13
105,maintainability,161566,5,3,0,416,301,717
105,manageability,161566,12,4,284,99,0,383
105,performance,161566,11,6,564,95,0,659
105,scalability,161566,9,6,1485,230,0,1715
105,security,161566,43,9,60,72,0,132
106,maintainability,432327,5,4,1,930,939,1870
106,manageability,432327,12,4,103,323,0,426
106,performance,432327,11,7,619,217,0,836
106,scalability,432327,9,5,2978,380,0,3358
106,security,432327,43,10,294,272,0,566
107,architecture,95121,7,0,0,0,0,0
107,maintainability,95121,16,5,0,311,169,480
107,manageability,95121,22,8,31,466,0,497
107,performance,95121,20,5,107,69,0,176
107,scalability,95121,15,4,1210,132,0,1342
107,security,95121,53,11,61,48,0,109
108,maintainability,42902,5,2,0,114,74,188
108,manageability,42902,12,4,3,37,0,40
108,performance,42902,11,3,107,87,0,194
108,scalability,42902,9,4,467,90,0,557
108,security,42902,43,5,24,22,0,46
109,maintainability,37458,5,3,0,53,20,73
109,manageability,37458,11,3,10,99,0,109
109,performance,37458,11,3,90,68,0,158
109,scalability,37458,9,5,232,14,0,246
109,security,37458,38,4,17,19,0,36
110,maintainability,13057,5,2,0,8,10,18
110,manageability,13057,10,0,0,0,0,0
110,performance,13057,11,2,4,9,0,13
110,scalability,13057,8,1,1,0,0,1
110,security,13057,28,1,1,0,0,1
111,maintainability,7875,5,2,0,1,6,7
111,manageability,7875,10,1,0,32,0,32
111,performance,7875,11,2,2,3,0,5
111,scalability,7875,8,2,2,4,0,6
111,security,7875,28,1,1,0,0,1
112,maintainability,6684,5,1,0,1,0,1
112,manageability,6684,10,1,1,0,0,1
112,performance,6684,11,2,6,3,0,9
112,scalability,6684,8,1,0,2,0,2
112,security,6684,28,3,15,0,0,15
113,architecture,16073,7,0,0,0,0,0
113,maintainability,16073,16,2,0,20,12,32
113,manageability,16073,22,4,8,59,0,67
113,performance,16073,20,3,125,13,0,138
113,scalability,16073,15,4,193,4,0,197
113,security,16073,53,6,15,9,0,24
114,maintainability,26189,5,2,0,59,65,124
114,manageability,26189,12,3,2,14,0,16
114,performance,26189,11,2,108,5,0,113
114,scalability,26189,9,3,159,41,0,200
114,security,26189,43,4,8,46,0,54
115,maintainability,105764,5,4,0,198,81,279
115,manageability,105764,12,6,47,508,0,555
115,performance,105764,11,4,237,74,0,311
115,scalability,105764,9,5,435,66,0,501
115,security,105764,43,12,105,50,0,155
116,maintainability,10492,5,2,0,29,3,32
116,manageability,10492,12,4,1,9,0,10
116,performance,10492,11,1,8,0,0,8
116,scalability,10492,9,3,35,44,0,79
116,security,10492,43,0,0,0,0,0
117,architecture,18121,7,1,0,0,2,2
117,maintainability,18121,16,4,10,51,6,67
117,manageability,18121,22,8,3,55,20,78
117,performance,18121,20,4,27,31,0,58
117,scalability,18121,15,3,53,19,0,72
117,security,18121,53,8,12,5,0,17
118,maintainability,10748,5,2,0,9,3,12
118,manageability,10748,12,4,11,9,0,20
118,performance,10748,11,3,27,7,0,34
118,scalability,10748,9,3,82,16,0,98
118,security,10748,43,4,6,3,0,9
119,maintainability,35329,5,4,1,26,12,39
119,manageability,35329,10,2,4,25,0,29
119,performance,35329,11,4,117,205,0,322
119,scalability,35329,8,2,19,13,0,32
119,security,35329,28,3,16,0,0,16
120,maintainability,9225,5,1,0,0,4,4
120,manageability,9225,10,1,0,2,0,2
120,performance,9225,11,3,1,3,0,4
120,scalability,9225,8,1,0,4,0,4
120,security,9225,28,2,2,1,0,3
121,maintainability,46665,5,4,0,246,51,297
121,manageability,46665,12,4,22,82,0,104
121,performance,46665,11,5,254,6,0,260
121,scalability,46665,9,6,271,48,0,319
121,security,46665,43,6,10,10,0,20
122,maintainability,30354,5,2,0,14,8,22
122,manageability,30354,11,4,2,60,0,62
122,performance,30354,11,3,33,8,0,41
122,scalability,30354,9,3,253,66,0,319
122,security,30354,38,2,6,8,0,14
123,architecture,6248,7,0,0,0,0,0
123,maintainability,6248,15,0,0,0,0,0
123,manageability,6248,13,5,0,8,10,18
123,performance,6248,15,0,0,0,0,0
123,scalability,6248,12,2,5,0,0,5
123,security,6248,21,0,0,0,0,0
124,maintainability,11651,4,3,0,12,9,21
124,manageability,11651,7,2,17,12,0,29
124,performance,11651,6,2,0,3,0,3
124,scalability,11651,7,2,54,1,0,55
124,security,11651,19,1,0,1,0,1
125,maintainability,11605,5,3,0,19,9,28
125,manageability,11605,11,4,1,33,0,34
125,performance,11605,11,3,15,9,0,24
125,scalability,11605,9,3,75,8,0,83
125,security,11605,38,1,1,0,0,1
126,maintainability,14228,5,3,0,3,1,4
126,manageability,14228,11,3,7,3,0,10
126,performance,14228,11,4,8,34,0,42
126,scalability,14228,8,3,690,1,0,691
126,security,14228,33,3,1,6,0,7
127,maintainability,75461,5,3,0,237,84,321
127,manageability,75461,12,4,68,165,0,233
127,performance,75461,11,5,289,67,0,356
127,scalability,75461,9,6,377,46,0,423
127,security,75461,43,7,56,12,0,68
128,maintainability,133008,5,3,0,231,223,454
128,manageability,133008,12,4,24,361,0,385
128,performance,133008,11,3,232,80,0,312
128,scalability,133008,9,5,589,153,0,742
128,security,133008,43,10,109,61,0,170
129,architecture,339,12,0,0,0,0,0
129,maintainability,339,15,0,0,0,0,0
129,manageability,339,18,0,0,0,0,0
129,performance,339,19,0,0,0,0,0
129,scalability,339,14,0,0,0,0,0
129,security,339,19,0,0,0,0,0
130,maintainability,10539,5,0,0,0,0,0
130,manageability,10539,10,3,9,10,0,19
130,performance,10539,11,2,10,8,0,18
130,scalability,10539,8,4,53,1,0,54
130,security,10539,28,4,23,2,0,25
131,maintainability,41161,5,4,36,32,13,81
131,manageability,41161,11,4,22,384,0,406
131,performance,41161,11,4,23,24,0,47
131,scalability,41161,8,4,1646,50,0,1696
131,security,41161,33,6,18,33,0,51
132,maintainability,7091,5,2,0,22,1,23
132,manageability,7091,10,2,1,2,0,3
132,performance,7091,11,1,28,0,0,28
132,scalability,7091,8,1,0,1,0,1
132,security,7091,28,4,39,2,0,41
133,maintainability,15157,5,4,0,41,4,45
133,manageability,15157,12,4,1,37,0,38
133,performance,15157,11,3,25,37,0,62
133,scalability,15157,9,4,141,5,0,146
133,security,15157,43,4,4,11,0,15
134,architecture,1759,7,0,0,0,0,0
134,maintainability,1759,15,0,0,0,0,0
134,manageability,1759,18,4,0,6,1,7
134,performance,1759,15,0,0,0,0,0
134,scalability,1759,13,0,0,0,0,0
134,security,1759,34,0,0,0,0,0
135,maintainability,1407,4,2,0,1,4,5
135,manageability,1407,6,1,5,0,0,5
135,performance,1407,6,2,0,2,0,2
135,scalability,1407,7,1,100,0,0,100
135,security,1407,14,0,0,0,0,0
136,maintainability,1721,5,0,0,0,0,0
136,manageability,1721,11,1,0,3,0,3
136,performance,1721,11,1,1,0,0,1
136,scalability,1721,8,0,0,0,0,0
136,security,1721,33,1,0,1,0,1
137,maintainability,28977,4,3,0,32,2,34
137,manageability,28977,8,3,28,46,0,74
137,performance,28977,6,2,0,4,0,4
137,scalability,28977,7,2,77,7,0,84
137,security,28977,24,6,35,0,0,35
138,maintainability,2978,4,0,0,0,0,0
138,manageability,2978,9,1,0,11,0,11
138,performance,2978,6,0,0,0,0,0
138,scalability,2978,7,1,38,0,0,38
138,security,2978,29,3,4,1,0,5
139,maintainability,71978,5,2,0,80,27,107
139,manageability,71978,12,5,12,111,0,123
139,performance,71978,11,4,85,46,0,131
139,scalability,71978,9,3,375,43,0,418
139,security,71978,43,8,47,31,0,78
140,maintainability,29041,5,2,0,21,6,27
140,manageability,29041,11,2,2,7,0,9
140,performance,29041,11,2,21,3,0,24
140,scalability,29041,9,2,8,8,0,16
140,security,29041,38,2,22,0,0,22
141,maintainability,6116,5,2,0,1,4,5
141,manageability,6116,10,0,0,0,0,0
141,performance,6116,11,0,0,0,0,0
141,scalability,6116,8,1,0,4,0,4
141,security,6116,28,2,5,0,0,5
142,maintainability,7901,5,2,0,1,5,6
142,manageability,7901,10,0,0,0,0,0
142,performance,7901,11,2,2,11,0,13
142,scalability,7901,8,2,54,4,0,58
142,security,7901,28,2,0,3,0,3
143,architecture,11303,12,0,0,0,0,0
143,maintainability,11303,19,3,0,13,8,21
143,manageability,11303,30,6,1,5,1,7
143,performance,11303,25,5,17,17,0,34
143,scalability,11303,21,3,45,14,0,59
143,security,11303,59,1,3,0,0,3
144,architecture,897,7,0,0,0,0,0
144,maintainability,897,11,0,0,0,0,0
144,manageability,897,10,0,0,0,0,0
144,performance,897,9,1,0,1,0,1
144,scalability,897,6,0,0,0,0,0
144,security,897,10,1,1,0,0,1
145,architecture,17205,7,1,0,0,3,3
145,maintainability,17205,11,4,51,288,0,339
145,manageability,17205,10,3,0,19,8,27
145,performance,17205,9,3,1,3,11,15
145,scalability,17205,6,2,22,0,0,22
145,security,17205,10,1,8,0,0,8
146,maintainability,4179,4,2,0,6,8,14
146,manageability,4179,8,2,2,7,0,9
146,performance,4179,6,2,0,4,0,4
146,scalability,4179,7,2,109,1,0,110
146,security,4179,24,1,2,0,0,2
147,architecture,32878,5,1,0,1,0,1
147,maintainability,32878,20,7,5,123,8,136
147,manageability,32878,15,6,88,80,0,168
147,performance,32878,18,4,156,197,0,353
147,scalability,32878,15,5,67,4,0,71
147,security,32878,50,8,17,8,0,25
148,maintainability,20873,5,2,0,80,27,107
148,manageability,20873,12,4,43,29,0,72
148,performance,20873,11,3,92,6,0,98
148,scalability,20873,9,4,220,41,0,261
148,security,20873,43,3,7,3,0,10
149,maintainability,178250,5,4,2,410,99,511
149,manageability,178250,12,4,110,340,0,450
149,performance,178250,11,4,482,293,0,775
149,scalability,178250,9,5,492,120,0,612
149,security,178250,43,10,207,39,0,246
150,maintainability,23602,5,2,0,50,21,71
150,manageability,23602,10,2,2,13,0,15
150,performance,23602,11,2,74,2,0,76
150,scalability,23602,8,2,126,8,0,134
150,security,23602,28,3,6,2,0,8
151,maintainability,81945,5,3,0,234,277,511
151,manageability,81945,12,6,90,64,0,154
151,performance,81945,11,4,331,78,0,409
151,scalability,81945,9,6,774,115,0,889
151,security,81945,43,5,33,39,0,72
152,maintainability,30230,5,3,0,104,14,118
152,manageability,30230,12,5,4,69,0,73
152,performance,30230,11,2,33,10,0,43
152,scalability,30230,9,3,54,9,0,63
152,security,30230,43,2,0,4,0,4
153,maintainability,72519,5,4,1,214,105,320
153,manageability,72519,12,4,57,64,0,121
153,performance,72519,11,5,252,37,0,289
153,scalability,72519,9,6,368,98,0,466
153,security,72519,43,5,15,42,0,57
154,maintainability,8244,5,2,0,2,2,4
154,manageability,8244,10,1,0,1,0,1
154,performance,8244,11,1,3,0,0,3
154,scalability,8244,8,1,51,0,0,51
154,security,8244,28,1,4,0,0,4
155,maintainability,5560,5,1,0,0,2,2
155,manageability,5560,11,0,0,0,0,0
155,performance,5560,11,2,3,1,0,4
155,scalability,5560,8,2,0,3,0,3
155,security,5560,33,2,1,2,0,3
156,maintainability,8138,4,3,0,2,6,8
156,manageability,8138,8,2,3,16,0,19
156,performance,8138,6,0,0,0,0,0
156,scalability,8138,7,2,21,1,0,22
156,security,8138,24,2,4,0,0,4
157,maintainability,98300,4,3,0,66,11,77
157,manageability,98300,9,2,49,118,0,167
157,performance,98300,6,2,0,71,0,71
157,scalability,98300,7,2,238,6,0,244
157,security,98300,29,2,13,1,0,14
158,maintainability,166736,5,3,0,303,446,749
158,manageability,166736,12,4,29,310,0,339
158,performance,166736,11,6,251,136,0,387
158,scalability,166736,9,6,1654,143,0,1797
158,security,166736,43,7,54,43,0,97
159,maintainability,99081,5,3,0,140,212,352
159,manageability,99081,12,6,25,55,0,80
159,performance,99081,11,5,62,82,0,144
159,scalability,99081,9,6,889,105,0,994
159,security,99081,43,9,41,38,0,79
160,maintainability,2149,5,0,0,0,0,0
160,manageability,2149,10,0,0,0,0,0
160,performance,2149,11,2,3,1,0,4
160,scalability,2149,8,2,1,2,0,3
160,security,2149,28,2,42,0,0,42
161,maintainability,12439,5,2,0,23,11,34
161,manageability,12439,12,4,2,13,0,15
161,performance,12439,11,4,23,22,0,45
161,scalability,12439,9,3,108,6,0,114
161,security,12439,43,2,12,18,0,30
162,maintainability,6431,5,2,0,6,5,11
162,manageability,6431,12,1,0,1,0,1
162,performance,6431,11,1,13,0,0,13
162,scalability,6431,9,1,18,0,0,18
162,security,6431,43,2,0,2,0,2
163,maintainability,9565,5,1,0,35,0,35
163,manageability,9565,10,1,3,0,0,3
163,performance,9565,11,2,10,11,0,21
163,scalability,9565,8,2,21,0,0,21
163,security,9565,28,5,5,2,0,7
164,maintainability,7535,5,1,0,34,0,34
164,manageability,7535,11,3,2,5,0,7
164,performance,7535,11,3,25,18,0,43
164,scalability,7535,9,3,21,2,0,23
164,security,7535,38,3,3,0,0,3
165,maintainability,5906,5,2,0,1,2,3
165,manageability,5906,11,1,0,1,0,1
165,performance,5906,11,0,0,0,0,0
165,scalability,5906,8,3,1,4,0,5
165,security,5906,33,2,3,3,0,6
166,maintainability,4609,5,1,0,2,0,2
166,manageability,4609,10,0,0,0,0,0
166,performance,4609,11,2,7,6,0,13
166,scalability,4609,8,0,0,0,0,0
166,security,4609,28,3,15,0,0,15
167,architecture,22919,7,1,0,0,1,1
167,maintainability,22919,15,0,0,0,0,0
167,manageability,22919,16,2,0,22,1,23
167,performance,22919,15,1,0,1,0,1
167,scalability,22919,13,3,33,13,0,46
167,security,22919,24,1,11,0,0,11
168,architecture,6377,7,1,0,0,1,1
168,maintainability,6377,15,3,2,17,0,19
168,manageability,6377,18,4,1,5,6,12
168,performance,6377,15,1,0,0,1,1
168,scalability,6377,13,2,18,0,0,18
168,security,6377,34,0,0,0,0,0
169,maintainability,569,4,2,0,2,2,4
169,manageability,569,8,1,0,7,0,7
169,performance,569,6,1,0,1,0,1
169,scalability,569,7,1,2,0,0,2
169,security,569,24,0,0,0,0,0
170,maintainability,43016,5,4,0,70,54,124
170,manageability,43016,11,4,135,143,0,278
170,performance,43016,11,3,0,54,0,54
170,scalability,43016,8,5,130,25,0,155
170,security,43016,33,4,27,14,0,41
171,maintainability,4916,5,1,0,1,0,1
171,manageability,4916,10,0,0,0,0,0
171,performance,4916,11,1,0,5,0,5
171,scalability,4916,8,1,0,3,0,3
171,security,4916,28,3,18,0,0,18
172,maintainability,8165,5,1,0,2,0,2
172,manageability,8165,10,1,0,1,0,1
172,performance,8165,11,1,0,5,0,5
172,scalability,8165,8,3,15,3,0,18
172,security,8165,28,3,26,0,0,26
173,maintainability,22103,5,2,0,13,1,14
173,manageability,22103,10,1,0,31,0,31
173,performance,22103,11,4,34,38,0,72
173,scalability,22103,8,3,118,7,0,125
173,security,22103,28,5,60,3,0,63
174,maintainability,91084,5,3,0,177,103,280
174,manageability,91084,12,4,51,233,0,284
174,performance,91084,11,4,375,100,0,475
174,scalability,91084,9,6,1073,65,0,1138
174,security,91084,43,9,95,30,0,125
175,maintainability,13616,5,3,0,19,2,21
175,manageability,13616,11,2,1,54,0,55
175,performance,13616,11,3,8,3,0,11
175,scalability,13616,8,4,15,27,0,42
175,security,13616,33,2,2,1,0,3
176,architecture,57157,7,0,0,0,0,0
176,maintainability,57157,16,7,2,140,23,165
176,manageability,57157,21,6,13,185,0,198
176,performance,57157,20,5,79,54,2,135
176,scalability,57157,14,4,317,26,0,343
176,security,57157,43,6,9,11,0,20
177,architecture,235937,7,0,0,0,0,0
177,maintainability,235937,16,3,0,765,456,1221
177,manageability,235937,22,6,210,580,0,790
177,performance,235937,20,5,359,226,0,585
177,scalability,235937,15,6,2191,498,0,2689
177,security,235937,53,11,80,221,0,301
178,maintainability,47374,5,3,0,53,92,145
178,manageability,47374,12,4,12,33,0,45
178,performance,47374,11,3,36,17,0,53
178,scalability,47374,9,5,371,86,0,457
178,security,47374,43,6,20,8,0,28
179,maintainability,28130,5,3,0,46,10,56
179,manageability,28130,12,4,9,34,0,43
179,performance,28130,11,4,83,9,0,92
179,scalability,28130,9,3,59,39,0,98
179,security,28130,43,5,11,5,0,16
180,maintainability,685,4,1,0,2,0,2
180,manageability,685,6,2,1,7,0,8
180,performance,685,6,1,0,3,0,3
180,scalability,685,7,2,10,0,0,10
180,security,685,14,0,0,0,0,0
181,maintainability,477438,5,5,40,508,195,743
181,manageability,477438,7,3,292,90,0,382
181,performance,477438,11,7,243,119,0,362
181,scalability,477438,7,5,3188,109,0,3297
181,security,477438,25,5,5,148,0,153
182,maintainability,31360,5,4,0,87,28,115
182,manageability,31360,12,4,10,192,0,202
182,performance,31360,11,4,37,52,0,89
182,scalability,31360,9,2,245,82,0,327
182,security,31360,43,8,37,196,0,233
183,maintainability,10940,5,3,0,22,2,24
183,manageability,10940,11,1,0,2,0,2
183,performance,10940,11,3,51,17,0,68
183,scalability,10940,8,3,42,4,0,46
183,security,10940,33,2,0,2,0,2
184,maintainability,6959,5,2,0,1,4,5
184,manageability,6959,11,2,0,2,0,2
184,performance,6959,11,1,4,0,0,4
184,scalability,6959,9,1,0,2,0,2
184,security,6959,38,2,8,0,0,8
185,maintainability,29306,5,3,0,81,45,126
185,manageability,29306,12,4,9,36,0,45
185,performance,29306,11,4,134,30,0,164
185,scalability,29306,9,4,213,90,0,303
185,security,29306,43,3,1,48,0,49
186,maintainability,29539,5,2,0,45,21,66
186,manageability,29539,12,3,7,4,0,11
186,performance,29539,11,2,37,3,0,40
186,scalability,29539,9,5,275,13,0,288
186,security,29539,43,4,6,5,0,11
187,maintainability,8790,5,2,0,12,5,17
187,manageability,8790,11,4,8,17,0,25
187,performance,8790,11,2,21,20,0,41
187,scalability,8790,9,2,63,8,0,71
187,security,8790,38,3,2,1,0,3
188,architecture,26222,7,0,0,0,0,0
188,maintainability,26222,16,4,7,94,3,104
188,manageability,26222,21,5,46,271,12,329
188,performance,26222,20,4,50,58,0,108
188,scalability,26222,14,5,166,13,0,179
188,security,26222,43,3,35,2,0,37
189,maintainability,52468,5,3,0,70,23,93
189,manageability,52468,11,4,9,452,0,461
189,performance,52468,11,3,274,56,0,330
189,scalability,52468,9,4,173,34,0,207
189,security,52468,38,6,26,13,0,39
190,maintainability,188700,5,3,0,514,686,1200
190,manageability,188700,12,4,343,1390,0,1733
190,performance,188700,11,7,801,63,0,864
190,scalability,188700,9,6,868,244,0,1112
190,security,188700,43,6,10,120,0,130
191,maintainability,26374,5,3,0,96,21,117
191,manageability,26374,11,3,17,80,0,97
191,performance,26374,11,5,104,54,0,158
191,scalability,26374,9,4,206,10,0,216
191,security,26374,38,4,13,10,0,23
192,maintainability,20351,5,2,0,24,19,43
192,manageability,20351,12,2,16,1,0,17
192,performance,20351,11,2,22,10,0,32
192,scalability,20351,9,3,13,10,0,23
192,security,20351,43,0,0,0,0,0
193,architecture,5229,7,0,0,0,0,0
193,maintainability,5229,15,2,1,1,0,2
193,manageability,5229,18,3,1,1,9,11
193,performance,5229,15,0,0,0,0,0
193,scalability,5229,13,2,337,0,0,337
193,security,5229,34,0,0,0,0,0
194,architecture,12059,7,0,0,0,0,0
194,maintainability,12059,16,2,0,3,0,3
194,manageability,12059,20,2,8,11,0,19
194,performance,12059,20,1,0,1,0,1
194,scalability,12059,14,3,707,2,0,709
194,security,12059,38,2,1,4,0,5
195,maintainability,18147,5,2,0,28,13,41
195,manageability,18147,12,3,3,25,0,28
195,performance,18147,11,3,30,23,0,53
195,scalability,18147,9,3,115,14,0,129
195,security,18147,43,3,4,2,0,6
196,maintainability,13623,5,3,0,34,18,52
196,manageability,13623,11,4,16,55,0,71
196,performance,13623,11,3,24,83,0,107
196,scalability,13623,9,4,59,12,0,71
196,security,13623,38,3,18,4,0,22
197,architecture,105420,7,0,0,0,0,0
197,maintainability,105420,16,3,0,357,4,361
197,manageability,105420,22,3,19,584,0,603
197,performance,105420,20,5,84,112,0,196
197,scalability,105420,15,6,597,97,0,694
197,security,105420,53,5,11,50,0,61
198,architecture,8985,7,0,0,0,0,0
198,maintainability,8985,16,7,2,45,13,60
198,manageability,8985,20,2,6,48,0,54
198,performance,8985,20,5,1,26,2,29
198,scalability,8985,14,4,92,35,0,127
198,security,8985,38,4,22,0,0,22
199,maintainability,9036,5,3,0,38,1,39
199,manageability,9036,12,2,0,27,0,27
199,performance,9036,11,4,37,5,0,42
199,scalability,9036,9,3,168,15,0,183
199,security,9036,43,4,3,3,0,6
200,architecture,259156,7,1,0,0,1,1
200,maintainability,259156,16,5,1,329,374,704
200,manageability,259156,22,9,121,264,24,409
200,performance,259156,20,8,657,141,1,799
200,scalability,259156,15,7,3409,266,0,3675
200,security,259156,53,11,107,198,0,305
201,maintainability,1037,4,0,0,0,0,0
201,manageability,1037,8,1,0,42,0,42
201,performance,1037,6,1,0,6,0,6
201,scalability,1037,7,1,12,0,0,12
201,security,1037,24,0,0,0,0,0
202,maintainability,126389,5,4,0,220,70,290
202,manageability,126389,12,6,178,859,0,1037
202,performance,126389,11,5,355,121,0,476
202,scalability,126389,9,6,917,167,0,1084
202,security,126389,43,12,68,84,0,152
203,maintainability,52338,5,4,8,97,83,188
203,manageability,52338,12,4,11,53,0,64
203,performance,52338,11,3,102,13,0,115
203,scalability,52338,9,5,397,45,0,442
203,security,52338,43,4,20,25,0,45
204,maintainability,29987,5,2,0,89,90,179
204,manageability,29987,12,3,4,33,0,37
204,performance,29987,11,3,16,4,0,20
204,scalability,29987,9,5,297,55,0,352
204,security,29987,43,5,18,17,0,35
205,maintainability,9142,5,3,0,3,3,6
205,manageability,9142,12,5,11,11,0,22
205,performance,9142,11,3,11,6,0,17
205,scalability,9142,9,4,42,3,0,45
205,security,9142,43,4,8,2,0,10
206,maintainability,29522,5,3,0,65,13,78
206,manageability,29522,10,3,5,82,0,87
206,performance,29522,11,3,36,97,0,133
206,scalability,29522,8,4,265,25,0,290
206,security,29522,28,3,13,13,0,26
207,maintainability,6311,5,2,0,2,3,5
207,manageability,6311,12,1,0,1,0,1
207,performance,6311,11,1,6,0,0,6
207,scalability,6311,9,2,0,4,0,4
207,security,6311,43,1,2,0,0,2
208,maintainability,94244,5,4,0,291,143,434
208,manageability,94244,12,4,75,74,0,149
208,performance,94244,11,5,143,358,0,501
208,scalability,94244,9,7,1180,72,0,1252
208,security,94244,43,5,124,147,0,271
209,maintainability,3242,4,2,0,3,5,8
209,manageability,3242,6,3,6,32,0,38
209,performance,3242,6,1,0,2,0,2
209,scalability,3242,7,2,63,7,0,70
209,security,3242,14,2,16,0,0,16
210,maintainability,221555,4,4,0,22,1,23
210,manageability,221555,8,3,111,11,0,122
210,performance,221555,6,4,0,21,0,21
210,scalability,221555,7,5,715,5,0,720
210,security,221555,24,2,5,0,0,5
211,maintainability,4182,5,1,0,2,0,2
211,manageability,4182,10,1,0,20,0,20
211,performance,4182,11,4,20,4,0,24
211,scalability,4182,8,2,4,4,0,8
211,security,4182,28,2,5,0,0,5
212,maintainability,15988,5,2,0,43,25,68
212,manageability,15988,12,4,1,28,0,29
212,performance,15988,11,2,25,1,0,26
212,scalability,15988,9,6,117,13,0,130
212,security,15988,43,5,4,13,0,17
213,maintainability,5048,5,0,0,0,0,0
213,manageability,5048,10,0,0,0,0,0
213,performance,5048,11,2,4,1,0,5
213,scalability,5048,8,1,3,0,0,3
213,security,5048,28,2,15,0,0,15
214,architecture,147779,7,0,0,0,0,0
214,maintainability,147779,15,2,0,20,0,20
214,manageability,147779,19,5,4,81,0,85
214,performance,147779,15,4,5,70,0,75
214,scalability,147779,13,5,155,10,0,165
214,security,147779,39,2,2,1,0,3
215,architecture,19812,7,0,0,0,0,0
215,maintainability,19812,15,3,0,12,0,12
215,manageability,19812,18,3,6,11,0,17
215,performance,19812,15,3,0,11,1,12
215,scalability,19812,13,2,26,0,0,26
215,security,19812,34,1,11,0,0,11
216,architecture,5400,7,1,0,0,2,2
216,maintainability,5400,11,1,0,1,0,1
216,manageability,5400,10,2,0,0,4,4
216,performance,5400,9,1,0,0,1,1
216,scalability,5400,6,0,0,0,0,0
216,security,5400,10,0,0,0,0,0
217,architecture,262338,17,0,0,0,0,0
217,maintainability,262338,23,0,0,0,0,0
217,manageability,262338,36,2,0,1,1,2
217,performance,262338,35,0,0,0,0,0
217,scalability,262338,28,0,0,0,0,0
217,security,262338,53,3,9,0,0,9
218,maintainability,11336,5,2,0,5,4,9
218,manageability,11336,12,2,2,1,0,3
218,performance,11336,11,3,24,5,0,29
218,scalability,11336,9,3,1,7,0,8
218,security,11336,43,3,3,1,0,4
219,architecture,87715,7,0,0,0,0,0
219,maintainability,87715,16,4,0,315,155,470
219,manageability,87715,22,7,24,179,15,218
219,performance,87715,20,5,239,81,0,320
219,scalability,87715,15,5,667,115,0,782
219,security,87715,53,8,73,68,0,141
220,maintainability,11771,5,1,0,0,4,4
220,manageability,11771,10,1,0,16,0,16
220,performance,11771,11,3,20,8,0,28
220,scalability,11771,8,2,2,5,0,7
220,security,11771,28,3,11,2,0,13
221,architecture,2032,7,0,0,0,0,0
221,maintainability,2032,15,4,1,134,0,135
221,manageability,2032,18,3,0,2,3,5
221,performance,2032,15,1,0,1,0,1
221,scalability,2032,13,1,13,0,0,13
221,security,2032,34,0,0,0,0,0
222,maintainability,55185,5,3,0,123,36,159
222,manageability,55185,11,4,20,155,0,175
222,performance,55185,11,5,132,129,0,261
222,scalability,55185,9,3,119,29,0,148
222,security,55185,38,4,9,6,0,15
223,architecture,2696,7,1,0,0,1,1
223,maintainability,2696,11,4,4,22,0,26
223,manageability,2696,10,1,0,0,2,2
223,performance,2696,9,1,0,0,3,3
223,scalability,2696,6,0,0,0,0,0
223,security,2696,10,0,0,0,0,0
224,maintainability,37288,5,3,0,158,37,195
224,manageability,37288,12,4,21,31,0,52
224,performance,37288,11,4,85,50,0,135
224,scalability,37288,9,6,321,207,0,528
224,security,37288,43,7,41,104,0,145
225,maintainability,2905,1,0,0,0,0,0
225,manageability,2905,8,0,0,0,0,0
225,performance,2905,5,1,3,0,0,3
225,scalability,2905,2,0,0,0,0,0
225,security,2905,22,1,0,1,0,1
226,maintainability,11027,5,2,0,4,15,19
226,manageability,11027,11,2,5,9,0,14
226,performance,11027,11,2,21,1,0,22
226,scalability,11027,9,2,73,7,0,80
226,security,11027,38,3,4,7,0,11
227,maintainability,80081,5,2,0,109,86,195
227,manageability,80081,11,3,15,132,0,147
227,performance,80081,11,4,380,35,0,415
227,scalability,80081,9,4,1541,28,0,1569
227,security,80081,38,5,96,10,0,106
228,maintainability,20466,5,3,0,43,11,54
228,manageability,20466,11,4,7,29,0,36
228,performance,20466,11,5,35,90,0,125
228,scalability,20466,9,4,226,48,0,274
228,security,20466,38,2,1,4,0,5
229,maintainability,8825,5,2,0,7,8,15
229,manageability,8825,12,3,2,9,0,11
229,performance,8825,11,2,10,2,0,12
229,scalability,8825,9,6,42,11,0,53
229,security,8825,43,4,7,13,0,20
230,architecture,6015,7,0,0,0,0,0
230,maintainability,6015,16,4,0,10,4,14
230,manageability,6015,21,3,7,68,1,76
230,performance,6015,20,5,2,9,0,11
230,scalability,6015,14,3,45,7,0,52
230,security,6015,43,4,5,7,0,12
231,maintainability,4454,5,2,0,1,2,3
231,manageability,4454,11,0,0,0,0,0
231,performance,4454,11,0,0,0,0,0
231,scalability,4454,8,2,0,3,0,3
231,security,4454,33,2,3,1,0,4
232,maintainability,10223,5,2,0,4,2,6
232,manageability,10223,11,2,5,4,0,9
232,performance,10223,11,2,11,6,0,17
232,scalability,10223,8,3,21,6,0,27
232,security,10223,33,2,20,2,0,22
233,maintainability,33634,5,3,0,82,20,102
233,manageability,33634,12,3,19,55,0,74
233,performance,33634,11,3,100,20,0,120
233,scalability,33634,9,4,244,43,0,287
233,security,33634,43,5,39,1,0,40
234,maintainability,11890,4,3,0,37,25,62
234,manageability,11890,6,3,34,1,0,35
234,performance,11890,6,2,0,26,0,26
234,scalability,11890,7,3,136,24,0,160
234,security,11890,14,1,9,0,0,9
235,maintainability,59691,5,3,0,107,9,116
235,manageability,59691,12,4,6,126,0,132
235,performance,59691,11,5,131,44,0,175
235,scalability,59691,9,6,88,85,0,173
235,security,59691,43,8,13,7,0,20
236,maintainability,41596,5,2,0,93,52,145
236,manageability,41596,12,4,17,83,0,100
236,performance,41596,11,5,197,24,0,221
236,scalability,41596,9,6,213,21,0,234
236,security,41596,43,7,15,17,0,32
237,maintainability,121412,5,4,0,230,237,467
237,manageability,121412,12,4,54,233,0,287
237,performance,121412,11,4,276,133,0,409
237,scalability,121412,9,6,900,69,0,969
237,security,121412,43,9,92,117,0,209
238,maintainability,38899,5,3,0,43,14,57
238,manageability,38899,11,4,3,64,0,67
238,performance,38899,11,1,120,0,0,120
238,scalability,38899,9,4,323,10,0,333
238,security,38899,38,2,1,3,0,4
239,maintainability,43605,5,3,0,87,14,101
239,manageability,43605,12,4,12,22,0,34
239,performance,43605,11,2,117,7,0,124
239,scalability,43605,9,5,73,50,0,123
239,security,43605,43,4,4,3,0,7
240,maintainability,169705,5,4,0,212,140,352
240,manageability,169705,12,4,56,1123,0,1179
240,performance,169705,11,9,507,119,0,626
240,scalability,169705,9,6,1095,237,0,1332
240,security,169705,43,10,67,36,0,103
241,architecture,1084,7,0,0,0,0,0
241,maintainability,1084,15,1,0,20,0,20
241,manageability,1084,16,1,0,7,0,7
241,performance,1084,15,1,0,1,0,1
241,scalability,1084,13,2,17,1,0,18
241,security,1084,24,1,1,0,0,1
242,maintainability,28235,5,2,0,35,10,45
242,manageability,28235,11,3,1,33,0,34
242,performance,28235,11,4,55,64,0,119
242,scalability,28235,8,3,53,50,0,103
242,security,28235,33,0,0,0,0,0
243,maintainability,67566,5,3,0,112,55,167
243,manageability,67566,12,4,14,126,0,140
243,performance,67566,11,3,268,58,0,326
243,scalability,67566,9,5,251,160,0,411
243,security,67566,43,8,75,29,0,104
244,maintainability,64406,5,4,1,219,26,246
244,manageability,64406,12,4,35,468,0,503
244,performance,64406,11,4,145,37,0,182
244,scalability,64406,9,6,372,192,0,564
244,security,64406,43,9,58,42,0,100
245,maintainability,2987,5,0,0,0,0,0
245,manageability,2987,10,0,0,0,0,0
245,performance,2987,11,1,2,0,0,2
245,scalability,2987,8,0,0,0,0,0
245,security,2987,28,2,12,0,0,12
246,maintainability,8393,5,2,0,14,6,20
246,manageability,8393,12,3,0,21,0,21
246,performance,8393,11,2,35,5,0,40
246,scalability,8393,9,3,93,4,0,97
246,security,8393,43,3,4,1,0,5
247,architecture,6212,7,0,0,0,0,0
247,maintainability,6212,16,3,2,6,2,10
247,manageability,6212,21,4,1,35,13,49
247,performance,6212,20,0,0,0,0,0
247,scalability,6212,14,3,11,4,0,15
247,security,6212,43,1,0,1,0,1
248,maintainability,26059,5,3,0,62,64,126
248,manageability,26059,12,4,26,9,0,35
248,performance,26059,11,5,26,69,0,95
248,scalability,26059,9,5,156,29,0,185
248,security,26059,43,3,3,18,0,21
249,maintainability,3728,5,0,0,0,0,0
249,manageability,3728,10,1,0,5,0,5
249,performance,3728,11,2,6,2,0,8
249,scalability,3728,8,1,1,0,0,1
249,security,3728,28,3,6,0,0,6
250,architecture,518985,17,0,0,0,0,0
250,maintainability,518985,23,0,0,0,0,0
250,manageability,518985,37,0,0,0,0,0
250,performance,518985,35,0,0,0,0,0
250,scalability,518985,28,0,0,0,0,0
250,security,518985,58,1,2,0,0,2
251,architecture,106788,7,0,0,0,0,0
251,maintainability,106788,16,7,23,271,90,384
251,manageability,106788,22,9,13,861,15,889
251,performance,106788,20,6,273,203,1,477
251,scalability,106788,15,4,697,148,0,845
251,security,106788,53,9,164,173,0,337
252,maintainability,5121,5,1,0,1,0,1
252,manageability,5121,10,1,0,10,0,10
252,performance,5121,11,3,13,2,0,15
252,scalability,5121,8,2,5,3,0,8
252,security,5121,28,2,8,0,0,8
253,maintainability,3827,1,0,0,0,0,0
253,manageability,3827,8,0,0,0,0,0
253,performance,3827,5,2,5,0,0,5
253,scalability,3827,2,0,0,0,0,0
253,security,3827,22,1,0,1,0,1
254,maintainability,185515,5,5,2,419,372,793
254,manageability,185515,12,6,158,449,0,607
254,performance,185515,11,5,780,153,0,933
254,scalability,185515,9,6,1832,271,0,2103
254,security,185515,43,10,132,160,0,292
255,maintainability,25345,5,3,0,59,25,84
255,manageability,25345,12,6,28,24,0,52
255,performance,25345,11,2,60,27,0,87
255,scalability,25345,9,4,74,7,0,81
255,security,25345,43,6,37,30,0,67
256,maintainability,16255,5,3,0,16,26,42
256,manageability,16255,12,3,2,7,0,9
256,performance,16255,11,3,19,12,0,31
256,scalability,16255,9,5,248,16,0,264
256,security,16255,43,5,4,11,0,15
257,maintainability,6686,5,2,0,4,4,8
257,manageability,6686,11,1,2,0,0,2
257,performance,6686,11,1,4,0,0,4
257,scalability,6686,8,4,76,5,0,81
257,security,6686,33,1,2,0,0,2
258,maintainability,2769,5,1,0,1,0,1
258,manageability,2769,10,0,0,0,0,0
258,performance,2769,11,2,2,2,0,4
258,scalability,2769,8,2,2,1,0,3
258,security,2769,28,0,0,0,0,0
259,maintainability,9465,5,2,0,6,2,8
259,manageability,9465,11,1,0,1,0,1
259,performance,9465,11,2,10,2,0,12
259,scalability,9465,8,3,1,13,0,14
259,security,9465,33,1,1,0,0,1
260,maintainability,277525,5,3,0,580,563,1143
260,manageability,277525,12,4,97,223,0,320
260,performance,277525,11,5,471,267,0,738
260,scalability,277525,9,6,2370,397,0,2767
260,security,277525,43,10,108,177,0,285
261,architecture,105861,7,0,0,0,0,0
261,maintainability,105861,16,8,23,197,55,275
261,manageability,105861,22,9,19,361,15,395
261,performance,105861,20,8,222,64,1,287
261,scalability,105861,15,6,377,322,0,699
261,security,105861,53,5,8,27,0,35
262,maintainability,12201,4,3,0,6,66,72
262,manageability,12201,6,2,52,1,0,53
262,performance,12201,6,2,0,5,0,5
262,scalability,12201,7,5,3,153,0,156
262,security,12201,14,1,12,0,0,12
263,maintainability,10229,5,2,0,21,3,24
263,manageability,10229,11,2,8,7,0,15
263,performance,10229,11,1,2,0,0,2
263,scalability,10229,8,3,2,3,0,5
263,security,10229,33,1,0,1,0,1
264,maintainability,48308,5,3,0,92,40,132
264,manageability,48308,12,4,16,31,0,47
264,performance,48308,11,6,137,18,0,155
264,scalability,48308,9,5,142,33,0,175
264,security,48308,43,6,57,12,0,69
265,maintainability,902245,5,5,3,1639,1954,3596
265,manageability,902245,12,6,271,684,0,955
265,performance,902245,11,7,1100,508,0,1608
265,scalability,902245,9,6,8654,689,0,9343
265,security,902245,43,14,212,419,0,631
266,maintainability,91387,5,3,0,321,221,542
266,manageability,91387,12,4,68,105,0,173
266,performance,91387,11,6,151,168,0,319
266,scalability,91387,9,5,769,35,0,804
266,security,91387,43,10,88,127,0,215
267,maintainability,15984,5,3,0,28,16,44
267,manageability,15984,12,6,12,8,0,20
267,performance,15984,11,5,66,9,0,75
267,scalability,15984,9,4,43,11,0,54
267,security,15984,43,4,3,2,0,5
268,maintainability,45805,4,3,0,15,8,23
268,manageability,45805,9,2,2,37,0,39
268,performance,45805,6,2,0,5,0,5
268,scalability,45805,7,4,497,193,0,690
268,security,45805,29,3,52,1,0,53
269,architecture,37124,7,0,0,0,0,0
269,maintainability,37124,15,2,4,61,0,65
269,manageability,37124,16,4,0,11,39,50
269,performance,37124,15,2,9,0,9,18
269,scalability,37124,13,1,7,0,0,7
269,security,37124,24,0,0,0,0,0
270,architecture,4784,7,0,0,0,0,0
270,maintainability,4784,11,2,1,1,0,2
270,manageability,4784,10,4,0,4,26,30
270,performance,4784,9,0,0,0,0,0
270,scalability,4784,6,1,11,0,0,11
270,security,4784,10,0,0,0,0,0
271,maintainability,201172,5,3,0,380,184,564
271,manageability,201172,11,5,56,1342,0,1398
271,performance,201172,11,5,347,479,0,826
271,scalability,201172,9,5,1630,88,0,1718
271,security,201172,38,7,134,212,0,346
272,maintainability,21376,5,3,0,45,100,145
272,manageability,21376,12,4,4,6,0,10
272,performance,21376,11,2,24,2,0,26
272,scalability,21376,9,3,317,80,0,397
272,security,21376,43,5,7,10,0,17
273,architecture,42024,17,0,0,0,0,0
273,maintainability,42024,23,0,0,0,0,0
273,manageability,42024,37,0,0,0,0,0
273,performance,42024,35,0,0,0,0,0
273,scalability,42024,28,0,0,0,0,0
273,security,42024,58,1,96,0,0,96
274,maintainability,2346,5,2,0,2,1,3
274,manageability,2346,12,3,0,3,0,3
274,performance,2346,11,1,4,0,0,4
274,scalability,2346,9,2,0,3,0,3
274,security,2346,43,1,2,0,0,2
275,maintainability,95545,5,3,0,103,68,171
275,manageability,95545,12,6,21,147,0,168
275,performance,95545,11,4,301,38,0,339
275,scalability,95545,9,5,269,124,0,393
275,security,95545,43,7,49,35,0,84
276,maintainability,64591,5,3,0,190,48,238
276,manageability,64591,12,4,7,86,0,93
276,performance,64591,11,5,267,39,0,306
276,scalability,64591,9,5,537,82,0,619
276,security,64591,43,6,44,45,0,89
277,maintainability,11566,5,2,0,8,5,13
277,manageability,11566,12,4,1,17,0,18
277,performance,11566,11,2,32,2,0,34
277,scalability,11566,9,3,41,8,0,49
277,security,11566,43,3,4,3,0,7
278,maintainability,11309,5,2,0,1,6,7
278,manageability,11309,10,2,2,2,0,4
278,performance,11309,11,2,3,2,0,5
278,scalability,11309,8,2,6,4,0,10
278,security,11309,28,3,42,0,0,42
279,maintainability,207,4,0,0,0,0,0
279,manageability,207,3,2,3,1,0,4
279,performance,207,6,0,0,0,0,0
279,scalability,207,6,0,0,0,0,0
279,security,207,11,0,0,0,0,0
280,architecture,4115,7,0,0,0,0,0
280,maintainability,4115,16,2,0,16,11,27
280,manageability,4115,21,5,4,4,0,8
280,performance,4115,20,2,14,2,0,16
280,scalability,4115,14,3,126,1,0,127
280,security,4115,43,2,1,1,0,2
281,maintainability,19435,5,2,0,39,12,51
281,manageability,19435,12,4,15,15,0,30
281,performance,19435,11,2,30,36,0,66
281,scalability,19435,9,4,226,17,0,243
281,security,19435,43,3,33,5,0,38
282,architecture,4809,7,0,0,0,0,0
282,maintainability,4809,15,3,0,12,3,15
282,manageability,4809,13,3,2,2,1,5
282,performance,4809,15,2,0,37,0,37
282,scalability,4809,12,1,0,3,0,3
282,security,4809,21,0,0,0,0,0
283,maintainability,5507,5,1,0,0,3,3
283,manageability,5507,10,0,0,0,0,0
283,performance,5507,11,1,0,2,0,2
283,scalability,5507,8,2,4,4,0,8
283,security,5507,28,0,0,0,0,0
284,maintainability,585660,5,3,0,1381,956,2337
284,manageability,585660,12,6,433,799,0,1232
284,performance,585660,11,6,1151,336,0,1487
284,scalability,585660,9,6,5483,423,0,5906
284,security,585660,43,14,431,316,0,747
285,architecture,27701,7,0,0,0,0,0
285,maintainability,27701,16,3,0,18,34,52
285,manageability,27701,22,4,5,54,0,59
285,performance,27701,20,3,77,17,0,94
285,scalability,27701,15,4,144,12,0,156
285,security,27701,53,7,33,10,0,43
286,architecture,23470,12,1,0,0,2,2
286,maintainability,23470,19,10,10,276,137,423
286,manageability,23470,30,7,7,57,12,76
286,performance,23470,25,5,41,12,2,55
286,scalability,23470,21,4,133,5,0,138
286,security,23470,59,6,7,4,0,11
287,maintainability,55066,5,4,0,217,154,371
287,manageability,55066,12,4,40,63,0,103
287,performance,55066,11,4,187,42,0,229
287,scalability,55066,9,6,461,108,0,569
287,security,55066,43,5,57,58,0,115
288,maintainability,11829,5,2,0,9,5,14
288,manageability,11829,10,1,0,5,0,5
288,performance,11829,11,2,1,4,0,5
288,scalability,11829,8,2,3,4,0,7
288,security,11829,28,2,28,0,0,28
289,maintainability,22449,5,2,0,11,9,20
289,manageability,22449,10,3,19,10,0,29
289,performance,22449,11,3,14,22,0,36
289,scalability,22449,8,3,172,7,0,179
289,security,22449,28,3,29,1,0,30
290,maintainability,20119,5,2,0,38,11,49
290,manageability,20119,10,1,15,0,0,15
290,performance,20119,11,4,77,5,0,82
290,scalability,20119,8,1,0,13,0,13
290,security,20119,28,1,0,2,0,2
291,architecture,7506,7,0,0,0,0,0
291,maintainability,7506,11,3,2,92,0,94
291,manageability,7506,13,4,0,6,53,59
291,performance,7506,9,1,0,0,4,4
291,scalability,7506,7,1,4,0,0,4
291,security,7506,13,0,0,0,0,0
292,maintainability,8704,5,1,0,4,0,4
292,manageability,8704,10,1,1,0,0,1
292,performance,8704,11,2,4,2,0,6
292,scalability,8704,8,1,0,5,0,5
292,security,8704,28,2,15,0,0,15
293,maintainability,37931,5,4,0,94,39,133
293,manageability,37931,12,6,134,760,0,894
293,performance,37931,11,3,122,92,0,214
293,scalability,37931,9,5,173,17,0,190
293,security,37931,43,11,18,11,0,29
294,maintainability,59861,5,4,0,297,26,323
294,manageability,59861,12,6,15,86,0,101
294,performance,59861,11,3,149,26,0,175
294,scalability,59861,9,6,297,54,0,351
294,security,59861,43,5,9,28,0,37
295,maintainability,27724,5,2,0,30,21,51
295,manageability,27724,12,4,5,34,0,39
295,performance,27724,11,4,24,15,0,39
295,scalability,27724,9,5,116,85,0,201
295,security,27724,43,6,2,31,0,33
296,maintainability,67101,5,4,0,112,34,146
296,manageability,67101,11,5,15,227,0,242
296,performance,67101,11,3,72,153,0,225
296,scalability,67101,9,5,1102,30,0,1132
296,security,67101,38,7,17,20,0,37
297,maintainability,31248,5,3,0,73,12,85
297,manageability,31248,11,4,39,110,0,149
297,performance,31248,11,5,92,80,0,172
297,scalability,31248,9,3,56,32,0,88
297,security,31248,38,2,2,4,0,6
298,maintainability,245716,5,3,0,621,474,1095
298,manageability,245716,12,6,98,478,0,576
298,performance,245716,11,5,605,223,0,828
298,scalability,245716,9,6,1878,499,0,2377
298,security,245716,43,9,104,348,0,452
299,maintainability,6388,5,2,0,1,2,3
299,manageability,6388,11,2,1,1,0,2
299,performance,6388,11,2,7,1,0,8
299,scalability,6388,8,3,3,3,0,6
299,security,6388,33,1,4,0,0,4
300,maintainability,5086,5,2,0,39,0,39
300,manageability,5086,12,1,0,1,0,1
300,performance,5086,11,1,0,1,0,1
300,scalability,5086,9,2,17,93,0,110
300,security,5086,43,1,0,1,0,1
301,maintainability,8720,5,2,0,14,2,16
301,manageability,8720,11,1,0,3,0,3
301,performance,8720,11,3,3,2,0,5
301,scalability,8720,8,3,1,4,0,5
301,security,8720,33,2,2,1,0,3
302,maintainability,68334,5,3,0,77,59,136
302,manageability,68334,12,3,0,309,0,309
302,performance,68334,11,3,211,44,0,255
302,scalability,68334,9,5,149,208,0,357
302,security,68334,43,6,3,56,0,59
303,maintainability,506557,5,5,40,545,200,785
303,manageability,506557,10,3,331,182,0,513
303,performance,506557,11,7,292,143,0,435
303,scalability,506557,8,5,3311,119,0,3430
303,security,506557,28,7,12,152,0,164
304,maintainability,3119,5,1,0,7,0,7
304,manageability,3119,10,2,2,52,0,54
304,performance,3119,11,1,0,2,0,2
304,scalability,3119,8,1,8,0,0,8
304,security,3119,28,0,0,0,0,0
305,maintainability,444140,5,3,0,772,460,1232
305,manageability,444140,12,6,223,1325,0,1548
305,performance,444140,11,8,1369,618,0,1987
305,scalability,444140,9,6,2295,636,0,2931
305,security,444140,43,15,329,140,0,469
306,maintainability,6659,5,2,0,4,5,9
306,manageability,6659,12,1,0,1,0,1
306,performance,6659,11,1,3,0,0,3
306,scalability,6659,9,3,15,3,0,18
306,security,6659,43,3,4,13,0,17
307,maintainability,3081,5,1,0,6,0,6
307,manageability,3081,10,1,0,2,0,2
307,performance,3081,11,2,7,13,0,20
307,scalability,3081,8,1,8,0,0,8
307,security,3081,28,2,2,0,0,2
308,maintainability,3855,4,2,0,1,2,3
308,manageability,3855,8,3,15,3,0,18
308,performance,3855,6,1,0,3,0,3
308,scalability,3855,7,2,10,7,0,17
308,security,3855,24,0,0,0,0,0
309,architecture,26187,7,2,0,0,6,6
309,maintainability,26187,11,6,24,349,0,373
309,manageability,26187,10,3,0,1,21,22
309,performance,26187,9,4,1,2,4,7
309,scalability,26187,6,1,1,0,0,1
309,security,26187,10,0,0,0,0,0
310,maintainability,6798,4,2,0,3,6,9
310,manageability,6798,6,2,8,119,0,127
310,performance,6798,6,2,0,36,0,36
310,scalability,6798,7,2,280,8,0,288
310,security,6798,14,0,0,0,0,0
311,maintainability,100510,5,3,0,194,93,287
311,manageability,100510,12,6,28,243,0,271
311,performance,100510,11,5,188,76,0,264
311,scalability,100510,9,6,324,60,0,384
311,security,100510,43,10,31,17,0,48
312,maintainability,4367,5,1,0,13,0,13
312,manageability,4367,11,2,3,1,0,4
312,performance,4367,11,2,5,3,0,8
312,scalability,4367,9,3,30,7,0,37
312,security,4367,38,1,16,0,0,16
313,maintainability,309475,5,2,0,6,6,12
313,manageability,309475,10,3,363,52,0,415
313,performance,309475,11,4,19,17,0,36
313,scalability,309475,8,3,106,12,0,118
313,security,309475,28,7,162,4,0,166
314,maintainability,11182,5,2,0,22,6,28
314,manageability,11182,10,2,3,3,0,6
314,performance,11182,11,2,43,3,0,46
314,scalability,11182,8,3,5,10,0,15
314,security,11182,28,0,0,0,0,0
315,maintainability,138924,5,3,0,347,90,437
315,manageability,138924,12,3,30,2,0,32
315,performance,138924,11,6,276,38,0,314
315,scalability,138924,9,5,2,131,0,133
315,security,138924,43,6,33,5,0,38
316,maintainability,6805,5,2,0,6,3,9
316,manageability,6805,11,2,1,8,0,9
316,performance,6805,11,3,19,17,0,36
316,scalability,6805,8,3,23,4,0,27
316,security,6805,33,3,1,2,0,3
317,maintainability,94393,5,3,0,185,131,316
317,manageability,94393,12,4,97,144,0,241
317,performance,94393,11,6,379,132,0,511
317,scalability,94393,9,5,636,149,0,785
317,security,94393,43,10,83,98,0,181
318,maintainability,101149,5,4,0,198,139,337
318,manageability,101149,12,4,46,126,0,172
318,performance,101149,11,5,294,104,0,398
318,scalability,101149,9,5,548,112,0,660
318,security,101149,43,9,65,34,0,99
319,architecture,2861,7,0,0,0,0,0
319,maintainability,2861,16,1,0,2,0,2
319,manageability,2861,20,2,0,1,1,2
319,performance,2861,20,4,3,5,0,8
319,scalability,2861,14,2,10,17,0,27
319,security,2861,38,1,10,0,0,10
320,maintainability,3391,5,0,0,0,0,0
320,manageability,3391,10,1,0,10,0,10
320,performance,3391,11,2,3,1,0,4
320,scalability,3391,8,2,13,4,0,17
320,security,3391,28,3,18,3,0,21
321,maintainability,14092,5,2,0,12,3,15
321,manageability,14092,11,1,0,43,0,43
321,performance,14092,11,2,29,17,0,46
321,scalability,14092,8,3,8,15,0,23
321,security,14092,33,1,0,1,0,1
322,maintainability,27468,5,2,0,37,46,83
322,manageability,27468,12,4,7,43,0,50
322,performance,27468,11,2,69,7,0,76
322,scalability,27468,9,4,117,73,0,190
322,security,27468,43,6,17,12,0,29
323,maintainability,8564,5,1,0,0,2,2
323,manageability,8564,12,1,0,1,0,1
323,performance,8564,11,0,0,0,0,0
323,scalability,8564,9,2,0,3,0,3
323,security,8564,43,3,2,1,0,3
324,maintainability,17699,5,2,0,2,6,8
324,manageability,17699,10,1,0,1,0,1
324,performance,17699,11,3,4,3,0,7
324,scalability,17699,8,3,60,4,0,64
324,security,17699,28,3,52,0,0,52
325,maintainability,21610,5,2,0,15,27,42
325,manageability,21610,10,3,29,71,0,100
325,performance,21610,11,1,0,12,0,12
325,scalability,21610,8,3,138,1,0,139
325,security,21610,28,4,14,7,0,21
326,architecture,470,7,0,0,0,0,0
326,maintainability,470,11,0,0,0,0,0
326,manageability,470,10,1,0,0,1,1
326,performance,470,9,0,0,0,0,0
326,scalability,470,6,0,0,0,0,0
326,security,470,10,0,0,0,0,0
327,maintainability,59296,5,2,0,92,2,94
327,manageability,59296,10,2,2,107,0,109
327,performance,59296,11,3,186,66,0,252
327,scalability,59296,8,5,219,48,0,267
327,security,59296,28,3,13,6,0,19
328,maintainability,28933,4,3,0,20,6,26
328,manageability,28933,8,3,16,17,0,33
328,performance,28933,6,1,0,8,0,8
328,scalability,28933,7,4,287,4,0,291
328,security,28933,24,0,0,0,0,0
329,maintainability,9039,5,2,0,3,8,11
329,manageability,9039,11,3,6,8,0,14
329,performance,9039,11,2,16,2,0,18
329,scalability,9039,9,3,8,6,0,14
329,security,9039,38,3,12,0,0,12
330,architecture,160078,7,0,0,0,0,0
330,maintainability,160078,16,6,1,364,131,496
330,manageability,160078,22,5,113,285,4,402
330,performance,160078,20,5,484,188,0,672
330,scalability,160078,15,6,843,265,0,1108
330,security,160078,53,7,129,74,0,203
331,maintainability,31340,5,2,0,54,24,78
331,manageability,31340,12,4,18,35,0,53
331,performance,31340,11,4,30,49,0,79
331,scalability,31340,9,4,181,23,0,204
331,security,31340,43,7,38,14,0,52
332,maintainability,523,4,0,0,0,0,0
332,manageability,523,6,1,1,0,0,1
332,performance,523,6,1,0,2,0,2
332,scalability,523,7,2,4,4,0,8
332,security,523,14,1,1,0,0,1
333,architecture,6102,7,0,0,0,0,0
333,maintainability,6102,16,2,0,9,0,9
333,manageability,6102,21,5,1,8,6,15
333,performance,6102,20,3,16,9,0,25
333,scalability,6102,15,2,27,8,0,35
333,security,6102,48,3,8,0,0,8
334,maintainability,11825,5,2,0,29,3,32
334,manageability,11825,11,5,6,24,0,30
334,performance,11825,11,2,30,22,0,52
334,scalability,11825,9,2,61,7,0,68
334,security,11825,38,3,10,0,0,10
335,maintainability,2779,5,0,0,0,0,0
335,manageability,2779,10,0,0,0,0,0
335,performance,2779,11,2,3,1,0,4
335,scalability,2779,8,0,0,0,0,0
335,security,2779,28,1,8,0,0,8
336,maintainability,101983,5,3,0,215,104,319
336,manageability,101983,12,4,29,119,0,148
336,performance,101983,11,6,299,108,0,407
336,scalability,101983,9,6,353,154,0,507
336,security,101983,43,7,89,93,0,182
337,architecture,4080,7,2,0,0,8,8
337,maintainability,4080,11,4,39,39,0,78
337,manageability,4080,10,5,0,12,7,19
337,performance,4080,9,1,8,0,0,8
337,scalability,4080,6,1,11,0,0,11
337,security,4080,10,0,0,0,0,0
338,maintainability,17644,5,2,0,16,3,19
338,manageability,17644,12,4,12,64,0,76
338,performance,17644,11,1,69,0,0,69
338,scalability,17644,9,3,113,16,0,129
338,security,17644,43,3,1,2,0,3
339,maintainability,16642,5,2,0,18,14,32
339,manageability,16642,12,2,0,4,0,4
339,performance,16642,11,2,19,4,0,23
339,scalability,16642,9,4,34,10,0,44
339,security,16642,43,3,7,1,0,8
340,maintainability,34548,5,3,0,85,16,101
340,manageability,34548,11,5,73,175,0,248
340,performance,34548,11,4,129,132,0,261
340,scalability,34548,9,5,712,6,0,718
340,security,34548,38,5,12,6,0,18
341,maintainability,307073,5,3,0,611,570,1181
341,manageability,307073,12,5,128,138,0,266
341,performance,307073,11,5,430,178,0,608
341,scalability,307073,9,6,3796,247,0,4043
341,security,307073,43,10,44,182,0,226
342,maintainability,21723,5,2,0,189,3,192
342,manageability,21723,12,4,28,8,0,36
342,performance,21723,11,4,23,17,0,40
342,scalability,21723,9,2,22,10,0,32
342,security,21723,43,4,20,2,0,22
343,maintainability,2041,5,0,0,0,0,0
343,manageability,2041,10,0,0,0,0,0
343,performance,2041,11,1,0,1,0,1
343,scalability,2041,8,1,9,0,0,9
343,security,2041,28,1,2,0,0,2
344,architecture,19728,7,0,0,0,0,0
344,maintainability,19728,16,5,1,24,1,26
344,manageability,19728,21,3,1,97,0,98
344,performance,19728,20,5,18,62,1,81
344,scalability,19728,15,3,261,30,0,291
344,security,19728,48,3,16,3,0,19
345,maintainability,6545,5,1,0,0,2,2
345,manageability,6545,11,0,0,0,0,0
345,performance,6545,11,0,0,0,0,0
345,scalability,6545,8,2,0,3,0,3
345,security,6545,33,1,0,1,0,1
346,maintainability,201475,5,3,0,397,192,589
346,manageability,201475,12,6,69,216,0,285
346,performance,201475,11,5,434,171,0,605
346,scalability,201475,9,6,786,134,0,920
346,security,201475,43,9,225,194,0,419
347,maintainability,17584,5,2,0,43,5,48
347,manageability,17584,12,4,15,20,0,35
347,performance,17584,11,2,28,54,0,82
347,scalability,17584,9,4,206,10,0,216
347,security,17584,43,6,16,15,0,31
348,maintainability,385,4,1,0,2,0,2
348,manageability,385,6,1,0,16,0,16
348,performance,385,6,0,0,0,0,0
348,scalability,385,7,1,49,0,0,49
348,security,385,14,0,0,0,0,0
349,maintainability,222957,5,3,0,593,258,851
349,manageability,222957,12,6,68,425,0,493
349,performance,222957,11,6,815,388,0,1203
349,scalability,222957,9,6,1861,198,0,2059
349,security,222957,43,9,219,163,0,382
350,maintainability,19020,5,3,0,31,11,42
350,manageability,19020,12,4,17,18,0,35
350,performance,19020,11,4,23,20,0,43
350,scalability,19020,9,4,89,18,0,107
350,security,19020,43,5,18,4,0,22
351,maintainability,75667,5,3,0,100,146,246
351,manageability,75667,12,4,27,41,0,68
351,performance,75667,11,3,304,52,0,356
351,scalability,75667,9,4,627,96,0,723
351,security,75667,43,4,17,7,0,24
352,maintainability,18546,5,2,0,27,21,48
352,manageability,18546,12,4,1,16,0,17
352,performance,18546,11,2,81,4,0,85
352,scalability,18546,9,5,59,12,0,71
352,security,18546,43,7,19,7,0,26
353,maintainability,207881,5,3,0,258,65,323
353,manageability,207881,12,6,27,399,0,426
353,performance,207881,11,5,161,250,0,411
353,scalability,207881,9,5,632,146,0,778
353,security,207881,43,13,242,107,0,349
354,maintainability,49110,5,3,0,131,144,275
354,manageability,49110,12,4,8,32,0,40
354,performance,49110,11,4,114,14,0,128
354,scalability,49110,9,6,472,42,0,514
354,security,49110,43,6,9,20,0,29
355,maintainability,137075,5,3,0,321,169,490
355,manageability,137075,11,4,95,1117,0,1212
355,performance,137075,11,5,488,164,0,652
355,scalability,137075,9,4,736,67,0,803
355,security,137075,38,7,170,14,0,184
356,maintainability,22296,5,2,0,45,17,62
356,manageability,22296,12,5,2,21,0,23
356,performance,22296,11,4,202,20,0,222
356,scalability,22296,9,5,770,13,0,783
356,security,22296,43,3,3,3,0,6
357,maintainability,5923,5,1,0,0,2,2
357,manageability,5923,11,2,0,2,0,2
357,performance,5923,11,1,5,0,0,5
357,scalability,5923,9,1,0,2,0,2
357,security,5923,38,1,5,0,0,5
358,maintainability,28326,5,2,0,24,6,30
358,manageability,28326,11,4,22,56,0,78
358,performance,28326,11,4,122,10,0,132
358,scalability,28326,8,4,15,9,0,24
358,security,28326,33,3,4,1,0,5
359,architecture,574672,12,1,0,0,1,1
359,maintainability,574672,19,13,83,533,418,1034
359,manageability,574672,29,11,156,658,108,922
359,performance,574672,25,8,2,291,22,315
359,scalability,574672,20,8,3928,202,0,4130
359,security,574672,49,11,213,99,0,312
360,maintainability,22833,5,2,0,34,13,47
360,manageability,22833,11,3,16,613,0,629
360,performance,22833,11,4,85,29,0,114
360,scalability,22833,9,3,81,26,0,107
360,security,22833,38,6,18,17,0,35
361,maintainability,2946,4,1,0,0,6,6
361,manageability,2946,8,1,0,37,0,37
361,performance,2946,6,0,0,0,0,0
361,scalability,2946,7,2,6,14,0,20
361,security,2946,24,0,0,0,0,0
362,maintainability,60916,5,4,0,192,79,271
362,manageability,60916,12,4,38,288,0,326
362,performance,60916,11,4,212,18,0,230
362,scalability,60916,9,4,191,47,0,238
362,security,60916,43,10,29,12,0,41
363,maintainability,107407,5,3,0,530,204,734
363,manageability,107407,12,4,47,136,0,183
363,performance,107407,11,5,377,90,0,467
363,scalability,107407,9,5,660,127,0,787
363,security,107407,43,6,97,40,0,137
364,maintainability,9288,5,2,0,45,3,48
364,manageability,9288,11,1,0,1,0,1
364,performance,9288,11,3,13,3,0,16
364,scalability,9288,8,2,1,4,0,5
364,security,9288,33,1,3,0,0,3
365,architecture,13113,7,2,0,0,15,15
365,maintainability,13113,11,3,2,22,0,24
365,manageability,13113,10,2,0,6,1,7
365,performance,13113,9,2,0,2,4,6
365,scalability,13113,6,1,1,0,0,1
365,security,13113,10,1,3,0,0,3
366,maintainability,13870,5,1,0,9,0,9
366,manageability,13870,10,2,3,14,0,17
366,performance,13870,11,3,14,40,0,54
366,scalability,13870,8,1,161,0,0,161
366,security,13870,28,3,22,3,0,25
367,architecture,4870,7,0,0,0,0,0
367,maintainability,4870,16,3,0,6,2,8
367,manageability,4870,21,1,0,0,1,1
367,performance,4870,20,1,6,0,0,6
367,scalability,4870,14,2,0,5,0,5
367,security,4870,43,2,1,1,0,2
368,manageability,5775,6,0,0,0,0,0
368,scalability,5775,1,0,0,0,0,0
368,security,5775,18,1,0,2,0,2
369,maintainability,113623,5,3,0,190,101,291
369,manageability,113623,12,6,197,167,0,364
369,performance,113623,11,4,225,76,0,301
369,scalability,113623,9,5,610,110,0,720
369,security,113623,43,9,115,268,0,383
370,maintainability,12833,5,3,0,10,4,14
370,manageability,12833,12,4,9,3,0,12
370,performance,12833,11,2,5,8,0,13
370,scalability,12833,9,3,60,23,0,83
370,security,12833,43,3,6,1,0,7
371,maintainability,241653,5,3,0,453,426,879
371,manageability,241653,12,6,47,316,0,363
371,performance,241653,11,7,349,146,0,495
371,scalability,241653,9,5,1692,123,0,1815
371,security,241653,43,9,119,73,0,192
372,architecture,28698,17,0,0,0,0,0
372,maintainability,28698,18,0,0,0,0,0
372,manageability,28698,26,0,0,0,0,0
372,performance,28698,24,0,0,0,0,0
372,scalability,28698,20,0,0,0,0,0
372,security,28698,25,0,0,0,0,0
373,maintainability,53027,5,2,0,25,10,35
373,manageability,53027,11,2,23,35,0,58
373,performance,53027,11,5,44,13,0,57
373,scalability,53027,8,3,51,6,0,57
373,security,53027,33,5,18,1,0,19
374,maintainability,77538,5,4,0,128,43,171
374,manageability,77538,11,4,153,1003,0,1156
374,performance,77538,11,6,155,143,0,298
374,scalability,77538,8,5,1426,36,0,1462
374,security,77538,33,7,17,17,0,34
375,architecture,11973,7,1,0,1,0,1
375,maintainability,11973,16,2,0,41,0,41
375,manageability,11973,19,5,3,20,1,24
375,performance,11973,20,3,42,10,0,52
375,scalability,11973,14,4,23,6,0,29
375,security,11973,33,2,0,8,0,8
376,maintainability,1360,5,1,0,0,1,1
376,manageability,1360,9,0,0,0,0,0
376,performance,1360,11,0,0,0,0,0
376,scalability,1360,8,1,0,1,0,1
376,security,1360,23,2,25,1,0,26
377,maintainability,87140,5,3,0,159,59,218
377,manageability,87140,12,6,23,65,0,88
377,performance,87140,11,4,101,45,0,146
377,scalability,87140,9,5,291,75,0,366
377,security,87140,43,8,63,47,0,110
378,maintainability,8747,5,1,0,8,0,8
378,manageability,8747,10,2,2,12,0,14
378,performance,8747,11,4,32,9,0,41
378,scalability,8747,8,4,16,23,0,39
378,security,8747,28,3,3,8,0,11
379,architecture,181723,7,0,0,0,0,0
379,maintainability,181723,16,5,0,525,379,904
379,manageability,181723,22,6,69,171,0,240
379,performance,181723,20,4,261,88,0,349
379,scalability,181723,15,5,874,283,0,1157
379,security,181723,53,14,92,120,0,212
380,maintainability,126012,5,3,0,196,305,501
380,manageability,126012,12,6,61,523,0,584
380,performance,126012,11,4,274,90,0,364
380,scalability,126012,9,5,776,82,0,858
380,security,126012,43,10,116,61,0,177
381,maintainability,7063,5,3,0,7,35,42
381,manageability,7063,12,4,20,6,0,26
381,performance,7063,11,3,15,12,0,27
381,scalability,7063,9,4,184,2,0,186
381,security,7063,43,4,3,3,0,6
382,maintainability,196527,5,3,0,493,278,771
382,manageability,196527,12,6,146,165,0,311
382,performance,196527,11,5,248,91,0,339
382,scalability,196527,9,5,1484,144,0,1628
382,security,196527,43,9,35,48,0,83
383,maintainability,5993,5,1,0,0,2,2
383,manageability,5993,11,0,0,0,0,0
383,performance,5993,11,0,0,0,0,0
383,scalability,5993,8,2,0,3,0,3
383,security,5993,33,1,0,1,0,1
384,maintainability,10358,5,2,0,7,7,14
384,manageability,10358,10,1,0,1,0,1
384,performance,10358,11,2,6,2,0,8
384,scalability,10358,8,1,0,9,0,9
384,security,10358,28,0,0,0,0,0
385,maintainability,4432,5,0,0,0,0,0
385,manageability,4432,10,1,0,8,0,8
385,performance,4432,11,1,8,0,0,8
385,scalability,4432,8,0,0,0,0,0
385,security,4432,28,1,5,0,0,5
386,maintainability,9313,5,2,0,26,8,34
386,manageability,9313,10,1,9,0,0,9
386,performance,9313,11,2,19,8,0,27
386,scalability,9313,8,2,49,1,0,50
386,security,9313,28,4,9,2,0,11
387,maintainability,1498,5,1,0,1,0,1
387,manageability,1498,10,1,0,4,0,4
387,performance,1498,11,2,3,6,0,9
387,scalability,1498,8,1,4,0,0,4
387,security,1498,28,0,0,0,0,0
388,maintainability,22885,5,3,0,34,59,93
388,manageability,22885,12,4,5,15,0,20
388,performance,22885,11,4,30,12,0,42
388,scalability,22885,9,5,217,23,0,240
388,security,22885,43,5,25,11,0,36
389,maintainability,71225,5,3,0,137,37,174
389,manageability,71225,12,4,8,170,0,178
389,performance,71225,11,4,283,67,0,350
389,scalability,71225,9,6,391,53,0,444
389,security,71225,43,8,75,24,0,99
390,maintainability,12242,4,3,0,6,2,8
390,manageability,12242,8,2,16,63,0,79
390,performance,12242,6,2,0,31,0,31
390,scalability,12242,7,2,401,2,0,403
390,security,12242,24,1,3,0,0,3
391,maintainability,10486,5,3,0,23,1,24
391,manageability,10486,11,3,7,38,0,45
391,performance,10486,11,4,15,6,0,21
391,scalability,10486,9,3,138,3,0,141
391,security,10486,38,2,6,3,0,9
392,maintainability,11016,5,2,0,8,5,13
392,manageability,11016,10,1,0,3,0,3
392,performance,11016,11,2,5,1,0,6
392,scalability,11016,8,2,9,6,0,15
392,security,11016,28,2,12,0,0,12
393,maintainability,9816,5,2,0,19,7,26
393,manageability,9816,11,2,2,21,0,23
393,performance,9816,11,3,8,6,0,14
393,scalability,9816,8,3,19,8,0,27
393,security,9816,33,3,2,1,0,3
394,maintainability,2908,5,0,0,0,0,0
394,manageability,2908,10,1,0,1,0,1
394,performance,2908,11,1,9,0,0,9
394,scalability,2908,8,2,5,6,0,11
394,security,2908,28,2,15,0,0,15
395,architecture,16049,12,0,0,0,0,0
395,maintainability,16049,19,2,0,9,9,18
395,manageability,16049,28,1,9,0,0,9
395,performance,16049,25,1,3,0,0,3
395,scalability,16049,20,4,67,3,0,70
395,security,16049,44,6,13,19,0,32
396,maintainability,13752,5,2,0,5,6,11
396,manageability,13752,10,1,12,0,0,12
396,performance,13752,11,1,2,0,0,2
396,scalability,13752,8,1,0,8,0,8
396,security,13752,28,1,0,2,0,2
397,maintainability,21959,5,3,0,47,32,79
397,manageability,21959,12,4,5,13,0,18
397,performance,21959,11,3,94,27,0,121
397,scalability,21959,9,3,278,23,0,301
397,security,21959,43,8,34,6,0,40
398,maintainability,18828,5,2,0,34,9,43
398,manageability,18828,10,3,5,47,0,52
398,performance,18828,11,3,51,18,0,69
398,scalability,18828,8,2,3,8,0,11
398,security,18828,28,5,21,4,0,25
399,maintainability,9359,5,2,0,1,4,5
399,manageability,9359,10,1,3,0,0,3
399,performance,9359,11,2,1,2,0,3
399,scalability,9359,8,1,0,4,0,4
399,security,9359,28,3,9,0,0,9
400,maintainability,11274,5,2,0,15,14,29
400,manageability,11274,12,3,24,23,0,47
400,performance,11274,11,2,15,4,0,19
400,scalability,11274,9,4,18,4,0,22
400,security,11274,43,3,7,0,0,7
401,maintainability,1293,4,1,0,3,0,3
401,manageability,1293,6,2,1,15,0,16
401,performance,1293,6,1,0,1,0,1
401,scalability,1293,7,1,16,0,0,16
401,security,1293,14,1,2,0,0,2
402,maintainability,5214,4,2,0,2,11,13
402,manageability,5214,6,2,1,73,0,74
402,performance,5214,6,1,0,1,0,1
402,scalability,5214,7,2,17,0,0,17
402,security,5214,14,1,2,0,0,2
403,maintainability,567,4,0,0,0,0,0
403,manageability,567,3,1,0,24,0,24
403,performance,567,6,0,0,0,0,0
403,scalability,567,6,1,1,0,0,1
403,security,567,11,0,0,0,0,0
404,maintainability,10522,5,3,0,17,4,21
404,manageability,10522,12,3,2,14,0,16
404,performance,10522,11,2,22,3,0,25
404,scalability,10522,9,3,58,6,0,64
404,security,10522,43,4,14,5,0,19
405,architecture,26091,7,0,0,0,0,0
405,maintainability,26091,16,2,0,11,2,13
405,manageability,26091,20,3,3,31,2,36
405,performance,26091,20,3,3,5,2,10
405,scalability,26091,14,2,23,9,0,32
405,security,26091,38,3,124,2,0,126
406,maintainability,182584,5,4,9,281,317,607
406,manageability,182584,12,6,39,84,0,123
406,performance,182584,11,6,546,300,0,846
406,scalability,182584,9,5,1306,191,0,1497
406,security,182584,43,9,158,130,0,288
407,maintainability,12072,5,3,0,10,2,12
407,manageability,12072,12,4,12,21,0,33
407,performance,12072,11,4,33,9,0,42
407,scalability,12072,9,5,118,12,0,130
407,security,12072,43,2,0,4,0,4
408,maintainability,12029,5,2,0,4,10,14
408,manageability,12029,12,3,4,2,0,6
408,performance,12029,11,3,17,8,0,25
408,scalability,12029,9,4,7,8,0,15
408,security,12029,43,4,12,10,0,22
409,maintainability,87555,5,5,1,81,106,188
409,manageability,87555,12,4,14,743,0,757
409,performance,87555,11,4,351,102,0,453
409,scalability,87555,9,4,207,81,0,288
409,security,87555,43,9,44,28,0,72
410,architecture,6619,12,0,0,0,0,0
410,maintainability,6619,18,1,0,6,0,6
410,manageability,6619,24,3,2,19,1,22
410,performance,6619,20,2,0,2,0,2
410,scalability,6619,19,2,72,0,0,72
410,security,6619,30,0,0,0,0,0
411,maintainability,113294,5,4,0,74,5,79
411,manageability,113294,11,2,6,30,0,36
411,performance,113294,11,2,0,65,0,65
411,scalability,113294,8,3,147,161,0,308
411,security,113294,33,4,14,65,0,79
412,maintainability,28669,5,3,0,113,15,128
412,manageability,28669,12,4,21,143,0,164
412,performance,28669,11,5,59,53,0,112
412,scalability,28669,9,5,150,55,0,205
412,security,28669,43,5,6,9,0,15
413,maintainability,662,5,1,0,1,0,1
413,manageability,662,9,1,2,0,0,2
413,performance,662,11,1,0,1,0,1
413,scalability,662,8,2,2,1,0,3
413,security,662,23,2,1,1,0,2
414,maintainability,10285,5,2,0,7,3,10
414,manageability,10285,12,2,0,34,0,34
414,performance,10285,11,1,24,0,0,24
414,scalability,10285,9,3,5,5,0,10
414,security,10285,43,3,1,2,0,3
415,architecture,4680,7,1,0,0,2,2
415,maintainability,4680,11,2,4,71,0,75
415,manageability,4680,10,3,0,7,41,48
415,performance,4680,9,0,0,0,0,0
415,scalability,4680,6,1,5,0,0,5
415,security,4680,10,1,2,0,0,2
416,maintainability,1856,5,0,0,0,0,0
416,manageability,1856,10,0,0,0,0,0
416,performance,1856,11,0,0,0,0,0
416,scalability,1856,8,0,0,0,0,0
416,security,1856,28,1,1,0,0,1
417,architecture,3630,7,0,0,0,0,0
417,maintainability,3630,11,0,0,0,0,0
417,manageability,3630,15,0,0,0,0,0
417,performance,3630,9,0,0,0,0,0
417,scalability,3630,7,0,0,0,0,0
417,security,3630,23,3,6,0,0,6
418,architecture,126425,5,2,0,7,0,7
418,maintainability,126425,20,7,4,665,116,785
418,manageability,126425,16,8,117,259,0,376
418,performance,126425,18,7,320,404,0,724
418,scalability,126425,15,8,270,141,0,411
418,security,126425,55,11,14,143,0,157
419,maintainability,66789,5,2,0,89,28,117
419,manageability,66789,11,3,5,25,0,30
419,performance,66789,11,3,258,35,0,293
419,scalability,66789,8,4,162,28,0,190
419,security,66789,33,3,10,3,0,13
420,maintainability,67444,5,3,0,108,50,158
420,manageability,67444,12,4,13,356,0,369
420,performance,67444,11,5,91,22,0,113
420,scalability,67444,9,5,382,68,0,450
420,security,67444,43,7,17,19,0,36
421,architecture,148,7,0,0,0,0,0
421,maintainability,148,11,2,0,5,0,5
421,manageability,148,10,1,0,0,3,3
421,performance,148,9,0,0,0,0,0
421,scalability,148,6,1,0,1,0,1
421,security,148,10,0,0,0,0,0
422,maintainability,22713,5,2,0,27,24,51
422,manageability,22713,11,4,2,22,0,24
422,performance,22713,11,3,42,5,0,47
422,scalability,22713,8,4,51,12,0,63
422,security,22713,33,5,7,13,0,20
423,architecture,220664,7,5,5,2,26,33
423,maintainability,220664,15,4,13,853,0,866
423,manageability,220664,13,5,0,13,20,33
423,performance,220664,15,7,8,9,30,47
423,scalability,220664,12,1,11,0,0,11
423,security,220664,21,4,5,11,0,16
424,architecture,1926,7,0,0,0,0,0
424,maintainability,1926,16,4,7,99,0,106
424,manageability,1926,20,1,0,0,4,4
424,performance,1926,20,0,0,0,0,0
424,scalability,1926,14,2,0,9,0,9
424,security,1926,38,1,2,0,0,2
