repo_id,origin,framework,uses_supabase,language,loc,total_issues,score,tier,issues_scalability,issues_maintainability,issues_performance,issues_manageability,issues_security,issues_architecture
1,generic-ai,node-other,0,Python,1063,65,98,GOLD,0,62,0,3,0,0
2,v0,nextjs,1,TypeScript,23660,177,86,CERTIFIED,48,16,40,22,51,0
3,generic-ai,react-vite,0,JavaScript,39460,652,83,CERTIFIED,134,156,59,260,41,2
4,lovable,react-vite,1,TypeScript,22992,428,82,CERTIFIED,168,67,85,51,57,0
5,v0,nextjs,0,TypeScript,6466,9,97,GOLD,4,4,1,0,0,0
6,lovable,react-vite,1,TypeScript,32717,654,87,CERTIFIED,148,191,91,212,12,0
7,bolt,other,0,Python,144,15,99,GOLD,0,12,0,3,0,0
8,v0,nextjs,0,TypeScript,3726,19,94,GOLD,0,5,9,2,3,0
9,generic-ai,other,0,JavaScript,189,13,97,GOLD,0,0,0,13,0,0
10,v0,nextjs,1,TypeScript,3025,62,89,CERTIFIED,28,8,17,9,0,0
11,generic-ai,node-other,0,TypeScript,5134,1,99,GOLD,0,0,0,0,1,0
12,generic-ai,node-other,0,JavaScript,5803,70,94,GOLD,10,24,5,31,0,0
13,generic-ai,node-other,0,Python,11691,210,87,CERTIFIED,22,89,17,80,1,1
14,v0,nextjs,1,TypeScript,21470,181,85,CERTIFIED,47,31,83,18,2,0
15,v0,nextjs,0,TypeScript,5707,65,87,CERTIFIED,25,2,8,20,10,0
16,lovable,react-vite,1,TypeScript,80496,1540,78,CERTIFIED,563,252,267,418,40,0
17,lovable,react-vite,1,TypeScript,13846,47,90,GOLD,7,8,25,2,5,0
18,v0,nextjs,0,TypeScript,8241,24,92,GOLD,4,6,4,2,8,0
19,lovable,react-vite,1,TypeScript,64634,1539,76,NOT_READY,500,417,343,168,111,0
20,generic-ai,nextjs,0,TypeScript,1683,8,97,GOLD,0,0,5,0,3,0
21,generic-ai,other,0,Python,1773,7,100,GOLD,0,1,0,6,0,0
22,generic-ai,other,0,Python,410,2,98,GOLD,0,1,0,1,0,0
23,lovable,react-vite,1,TypeScript,13575,53,89,CERTIFIED,14,21,4,9,5,0
24,v0,nextjs,0,TypeScript,29870,643,77,NOT_READY,330,85,152,57,19,0
25,v0,nextjs,0,TypeScript,9497,126,88,CERTIFIED,36,21,44,15,10,0
26,lovable,react-vite,0,TypeScript,6345,25,92,GOLD,10,3,7,4,1,0
27,lovable,react-vite,1,TypeScript,64646,1143,80,CERTIFIED,557,242,222,87,35,0
28,lovable,react-vite,1,TypeScript,39105,465,79,CERTIFIED,88,46,139,135,57,0
29,generic-ai,react-vite,0,TypeScript,7515,214,83,CERTIFIED,152,10,29,8,15,0
30,bolt,node-other,0,Python,10404,713,88,CERTIFIED,121,311,26,255,0,0
31,lovable,react-vite,1,TypeScript,21689,171,88,CERTIFIED,47,107,10,6,1,0
32,lovable,react-vite,1,Python,46303,644,86,CERTIFIED,58,212,208,125,32,9
33,lovable,react-vite,0,TypeScript,9991,16,95,GOLD,3,2,6,0,5,0
34,bolt,react-vite,1,TypeScript,9711,2,100,GOLD,0,0,0,2,0,0
35,v0,nextjs,0,TypeScript,38236,79,87,CERTIFIED,6,40,8,8,17,0
36,lovable,react-vite,1,TypeScript,50618,1220,86,CERTIFIED,377,407,161,217,57,1
37,v0,nextjs,1,TypeScript,69541,894,87,CERTIFIED,285,183,186,209,31,0
38,generic-ai,react-vite,0,TypeScript,4861,214,92,GOLD,153,3,0,56,2,0
39,v0,nextjs,0,TypeScript,5358,14,94,GOLD,0,2,3,1,8,0
40,bolt,nextjs,1,TypeScript,132738,1914,69,NOT_READY,1070,117,227,318,182,0
41,generic-ai,other,0,Python,1841,9,96,GOLD,2,0,0,7,0,0
42,v0,node-other,0,TypeScript,7661,50,98,GOLD,0,25,0,24,1,0
43,v0,nextjs,0,TypeScript,8266,107,88,CERTIFIED,37,14,15,27,14,0
44,lovable,react-vite,1,TypeScript,36902,447,79,CERTIFIED,169,68,98,37,75,0
45,lovable,react-vite,0,TypeScript,5114,25,95,GOLD,3,2,0,0,20,0
46,lovable,react-vite,0,TypeScript,16925,156,83,CERTIFIED,21,33,71,25,6,0
47,lovable,react-vite,0,TypeScript,95887,2141,79,NOT_READY,914,233,869,116,9,0
48,generic-ai,react-vite,0,JavaScript,256136,1761,83,CERTIFIED,706,459,296,165,93,42
49,bolt,other,0,Python,4748,6,100,GOLD,0,0,0,6,0,0
50,v0,nextjs,0,TypeScript,9206,31,89,CERTIFIED,7,6,5,3,10,0
51,lovable,react-vite,1,TypeScript,13665,118,82,CERTIFIED,25,10,21,44,18,0
52,lovable,react-vite,1,TypeScript,248399,203,98,GOLD,0,0,0,1,202,0
53,v0,nextjs,0,TypeScript,15091,216,83,CERTIFIED,115,64,23,9,5,0
54,lovable,react-vite,1,TypeScript,184417,3405,73,NOT_READY,1349,723,640,325,368,0
55,v0,nextjs,1,TypeScript,45039,1387,80,CERTIFIED,250,127,284,682,44,0
56,v0,nextjs,1,TypeScript,85838,2043,70,NOT_READY,582,388,292,701,76,4
57,v0,nextjs,1,TypeScript,67275,1062,87,CERTIFIED,203,237,194,386,36,6
58,generic-ai,node-other,0,Python,6995,85,95,GOLD,21,35,3,17,8,1
59,generic-ai,other,0,JavaScript,4291,286,76,NOT_READY,257,7,3,13,6,0
60,lovable,react-vite,1,TypeScript,66426,1336,75,NOT_READY,539,211,306,238,42,0
61,generic-ai,other,0,Python,1802,35,92,GOLD,14,7,1,6,7,0
62,lovable,react-vite,1,TypeScript,293587,5144,66,NOT_READY,1821,1090,1224,643,366,0
63,v0,nextjs,0,TypeScript,9499,26,91,GOLD,4,6,10,0,6,0
64,generic-ai,react-vite,0,TypeScript,11353,71,86,CERTIFIED,25,23,12,6,5,0
65,lovable,react-vite,1,TypeScript,29847,411,87,CERTIFIED,136,56,121,43,55,0
66,lovable,react-vite,1,TypeScript,34645,645,78,CERTIFIED,422,45,92,41,45,0
67,v0,nextjs,1,TypeScript,11676,367,85,CERTIFIED,57,22,92,165,31,0
68,v0,react,1,JavaScript,883,23,91,GOLD,4,3,6,8,2,0
69,generic-ai,other,0,JavaScript,2931,107,90,GOLD,15,37,16,19,18,2
70,generic-ai,other,0,JavaScript,10524,128,79,NOT_READY,89,22,5,7,5,0
71,v0,nextjs,0,TypeScript,4301,45,92,GOLD,8,1,5,18,13,0
72,v0,nextjs,0,TypeScript,2572,16,93,GOLD,2,5,5,0,4,0
73,bolt,react-vite,1,TypeScript,13713,302,79,CERTIFIED,19,38,93,120,32,0
74,bolt,nextjs,1,JavaScript,4555,82,88,CERTIFIED,49,9,6,18,0,0
75,bolt,remix,0,TypeScript,62981,1117,69,NOT_READY,339,126,316,289,47,0
76,generic-ai,other,0,Python,11987,244,89,CERTIFIED,2,180,11,47,0,4
77,generic-ai,other,0,Python,8224,3,99,GOLD,0,1,0,2,0,0
78,v0,nextjs,0,TypeScript,14835,89,90,GOLD,43,11,13,3,19,0
79,generic-ai,react-vite,0,TypeScript,14237,31,90,GOLD,16,0,4,10,1,0
80,lovable,react-vite,1,TypeScript,75285,1260,76,CERTIFIED,581,225,267,90,97,0
81,generic-ai,react-vite,0,TypeScript,5282,274,85,CERTIFIED,199,3,23,47,2,0
82,lovable,react-vite,1,TypeScript,191663,4086,73,NOT_READY,2262,840,418,235,331,0
83,bolt,react-vite,1,TypeScript,9094,26,94,GOLD,11,1,3,10,1,0
84,generic-ai,node-other,0,JavaScript,1163,41,83,NOT_READY,16,0,3,18,4,0
85,generic-ai,other,0,Python,11657,36,97,GOLD,0,1,1,32,0,2
86,lovable,react-vite,1,TypeScript,74323,973,75,NOT_READY,519,219,174,40,21,0
87,lovable,react-vite,1,TypeScript,61140,1146,77,CERTIFIED,514,249,182,85,116,0
88,v0,nextjs,0,TypeScript,3781,54,89,CERTIFIED,8,3,17,9,17,0
89,bolt,react-vite,0,JavaScript,8129,237,84,CERTIFIED,40,30,5,156,6,0
90,generic-ai,other,0,Python,971,11,99,GOLD,0,9,1,1,0,0
91,v0,nextjs,0,TypeScript,18343,148,86,CERTIFIED,51,16,36,6,39,0
92,lovable,react-vite,1,TypeScript,292111,4425,66,NOT_READY,1548,864,968,629,416,0
93,lovable,react-vite,1,TypeScript,15015,159,86,CERTIFIED,57,32,33,19,18,0
94,lovable,react-vite,1,TypeScript,24509,495,82,CERTIFIED,213,83,129,57,13,0
95,v0,nextjs,0,TypeScript,575,5,97,GOLD,0,0,3,0,2,0
96,lovable,react-vite,1,TypeScript,117295,2082,73,NOT_READY,477,367,628,481,129,0
97,lovable,react-vite,1,TypeScript,28912,513,79,CERTIFIED,228,69,88,96,32,0
98,lovable,react-vite,1,TypeScript,223439,5579,71,NOT_READY,2773,1269,876,206,455,0
99,generic-ai,nextjs,0,TypeScript,1879,5,93,GOLD,1,0,2,1,1,0
100,generic-ai,other,0,Python,8323,242,92,GOLD,9,188,17,27,0,1
101,v0,nextjs,1,TypeScript,13832,102,89,CERTIFIED,34,15,36,13,4,0
102,v0,nextjs,1,TypeScript,25670,515,79,CERTIFIED,158,26,31,269,31,0
103,v0,nextjs,0,TypeScript,31286,345,88,CERTIFIED,145,90,99,5,6,0
104,lovable,react-vite,1,TypeScript,20339,455,79,NOT_READY,108,85,74,175,13,0
105,lovable,react-vite,1,TypeScript,161566,3606,71,NOT_READY,1715,717,659,383,132,0
106,lovable,react-vite,1,TypeScript,432327,7056,69,NOT_READY,3358,1870,836,426,566,0
107,lovable,react-vite,1,TypeScript,95121,2604,83,CERTIFIED,1342,480,176,497,109,0
108,lovable,react-vite,1,TypeScript,42902,1025,82,CERTIFIED,557,188,194,40,46,0
109,v0,nextjs,1,TypeScript,37458,622,79,NOT_READY,246,73,158,109,36,0
110,v0,nextjs,0,TypeScript,13057,33,92,GOLD,1,18,13,0,1,0
111,v0,nextjs,0,TypeScript,7875,51,90,GOLD,6,7,5,32,1,0
112,v0,nextjs,0,TypeScript,6684,28,90,GOLD,2,1,9,1,15,0
113,lovable,react-vite,1,TypeScript,16073,458,90,GOLD,197,32,138,67,24,0
114,lovable,react-vite,1,TypeScript,26189,507,86,CERTIFIED,200,124,113,16,54,0
115,lovable,react-vite,1,TypeScript,105764,1801,71,CONDITIONAL,501,279,311,555,155,0
116,lovable,react-vite,1,TypeScript,10492,129,89,CERTIFIED,79,32,8,10,0,0
117,lovable,react-vite,1,TypeScript,18121,294,86,CERTIFIED,72,67,58,78,17,2
118,lovable,react-vite,1,TypeScript,10748,173,85,CERTIFIED,98,12,34,20,9,0
119,v0,nextjs,0,TypeScript,35329,438,81,CERTIFIED,32,39,322,29,16,0
120,v0,nextjs,0,TypeScript,9225,17,93,GOLD,4,4,4,2,3,0
121,bolt,react-vite,1,JavaScript,46665,1000,73,NOT_READY,319,297,260,104,20,0
122,v0,nextjs,1,TypeScript,30354,458,85,CERTIFIED,319,22,41,62,14,0
123,bolt,other,0,Python,6248,23,95,GOLD,5,0,0,18,0,0
124,generic-ai,vue,0,JavaScript,11651,109,85,CERTIFIED,55,21,3,29,1,0
125,v0,nextjs,1,TypeScript,11605,170,84,CERTIFIED,83,28,24,34,1,0
126,generic-ai,node-other,0,TypeScript,14228,754,81,CERTIFIED,691,4,42,10,7,0
127,lovable,react-vite,1,TypeScript,75461,1401,74,NOT_READY,423,321,356,233,68,0
128,lovable,react-vite,1,TypeScript,133008,2063,76,CERTIFIED,742,454,312,385,170,0
129,generic-ai,other,0,Python,339,0,100,GOLD,0,0,0,0,0,0
130,v0,nextjs,0,TypeScript,10539,116,80,NOT_READY,54,0,18,19,25,0
131,generic-ai,react-vite,0,TypeScript,41161,2281,74,CONDITIONAL,1696,81,47,406,51,0
132,v0,nextjs,0,TypeScript,7091,96,90,GOLD,1,23,28,3,41,0
133,lovable,react-vite,1,TypeScript,15157,306,81,CERTIFIED,146,45,62,38,15,0
134,generic-ai,node-other,0,Python,1759,7,99,GOLD,0,0,0,7,0,0
135,generic-ai,node-other,0,JavaScript,1407,112,90,GOLD,100,5,2,5,0,0
136,generic-ai,react-vite,0,TypeScript,1721,5,97,GOLD,0,0,1,3,1,0
137,generic-ai,node-other,0,TypeScript,28977,231,77,CERTIFIED,84,34,4,74,35,0
138,generic-ai,node-other,0,TypeScript,2978,54,93,GOLD,38,0,0,11,5,0
139,lovable,react-vite,1,TypeScript,71978,857,80,CERTIFIED,418,107,131,123,78,0
140,v0,nextjs,0,TypeScript,29041,98,89,CERTIFIED,16,27,24,9,22,0
141,v0,nextjs,0,TypeScript,6116,14,95,GOLD,4,5,0,0,5,0
142,v0,nextjs,0,TypeScript,7901,80,91,GOLD,58,6,13,0,3,0
143,lovable,react-vite,1,TypeScript,11303,124,93,GOLD,59,21,34,7,3,0
144,bolt,other,0,Python,897,2,96,GOLD,0,0,1,0,1,0
145,generic-ai,other,0,Python,17205,414,83,CERTIFIED,22,339,15,27,8,3
146,generic-ai,node-other,0,TypeScript,4179,139,86,CERTIFIED,110,14,4,9,2,0
147,v0,nextjs,1,TypeScript,32878,754,81,CERTIFIED,71,136,353,168,25,1
148,lovable,react-vite,1,TypeScript,20873,548,83,CERTIFIED,261,107,98,72,10,0
149,lovable,react-vite,1,TypeScript,178250,2594,73,CONDITIONAL,612,511,775,450,246,0
150,v0,nextjs,0,TypeScript,23602,304,87,CERTIFIED,134,71,76,15,8,0
151,lovable,react-vite,1,TypeScript,81945,2035,74,NOT_READY,889,511,409,154,72,0
152,lovable,react-vite,1,TypeScript,30230,301,86,CERTIFIED,63,118,43,73,4,0
153,lovable,react-vite,1,TypeScript,72519,1253,73,NOT_READY,466,320,289,121,57,0
154,v0,nextjs,0,JavaScript,8244,63,92,GOLD,51,4,3,1,4,0
155,lovable,react-vite,0,TypeScript,5560,12,93,GOLD,3,2,4,0,3,0
156,generic-ai,node-other,0,TypeScript,8138,53,87,CERTIFIED,22,8,0,19,4,0
157,generic-ai,node-other,0,TypeScript,98300,573,85,CERTIFIED,244,77,71,167,14,0
158,lovable,react-vite,1,TypeScript,166736,3369,73,NOT_READY,1797,749,387,339,97,0
159,lovable,react-vite,1,TypeScript,99081,1649,71,NOT_READY,994,352,144,80,79,0
160,v0,nextjs,0,TypeScript,2149,49,91,GOLD,3,0,4,0,42,0
161,lovable,react-vite,1,TypeScript,12439,238,85,CERTIFIED,114,34,45,15,30,0
162,generic-ai,react-vite,1,TypeScript,6431,45,93,GOLD,18,11,13,1,2,0
163,v0,nextjs,0,TypeScript,9565,87,85,CERTIFIED,21,35,21,3,7,0
164,v0,nextjs,1,TypeScript,7535,110,84,CERTIFIED,23,34,43,7,3,0
165,lovable,react-vite,0,TypeScript,5906,15,91,GOLD,5,3,0,1,6,0
166,v0,nextjs,0,TypeScript,4609,30,93,GOLD,0,2,13,0,15,0
167,generic-ai,node-other,0,Python,22919,82,94,GOLD,46,0,1,23,11,1
168,generic-ai,node-other,0,Python,6377,51,94,GOLD,18,19,1,12,0,1
169,bolt,node-other,0,TypeScript,569,14,93,GOLD,2,4,1,7,0,0
170,generic-ai,react-vite,0,JavaScript,43016,652,76,NOT_READY,155,124,54,278,41,0
171,v0,nextjs,0,TypeScript,4916,27,93,GOLD,3,1,5,0,18,0
172,v0,nextjs,0,TypeScript,8165,52,87,CERTIFIED,18,2,5,1,26,0
173,v0,nextjs,0,TypeScript,22103,305,84,CERTIFIED,125,14,72,31,63,0
174,lovable,react-vite,1,TypeScript,91084,2302,73,NOT_READY,1138,280,475,284,125,0
175,lovable,react-vite,0,TypeScript,13616,132,82,CERTIFIED,42,21,11,55,3,0
176,lovable,react-vite,0,TypeScript,57157,861,84,CERTIFIED,343,165,135,198,20,0
177,lovable,react-vite,1,JavaScript,235937,5586,82,CERTIFIED,2689,1221,585,790,301,0
178,lovable,react-vite,1,TypeScript,47374,728,79,CERTIFIED,457,145,53,45,28,0
179,lovable,react-vite,1,TypeScript,28130,305,82,CERTIFIED,98,56,92,43,16,0
180,generic-ai,node-other,0,JavaScript,685,23,87,CERTIFIED,10,2,3,8,0,0
181,generic-ai,other,0,TypeScript,477438,4937,63,NOT_READY,3297,743,362,382,153,0
182,lovable,react-vite,1,TypeScript,31360,966,81,CERTIFIED,327,115,89,202,233,0
183,lovable,react-vite,0,TypeScript,10940,142,87,CERTIFIED,46,24,68,2,2,0
184,bolt,nextjs,1,TypeScript,6959,21,93,GOLD,2,5,4,2,8,0
185,lovable,react-vite,1,TypeScript,29306,687,82,CERTIFIED,303,126,164,45,49,0
186,lovable,react-vite,1,TypeScript,29539,416,83,CERTIFIED,288,66,40,11,11,0
187,bolt,nextjs,1,TypeScript,8790,157,87,CERTIFIED,71,17,41,25,3,0
188,lovable,react-vite,0,TypeScript,26222,757,88,CERTIFIED,179,104,108,329,37,0
189,v0,nextjs,1,TypeScript,52468,1130,78,CERTIFIED,207,93,330,461,39,0
190,lovable,react-vite,1,TypeScript,188700,5039,72,NOT_READY,1112,1200,864,1733,130,0
191,v0,nextjs,1,TypeScript,26374,611,80,CERTIFIED,216,117,158,97,23,0
192,lovable,react-vite,1,TypeScript,20351,115,89,CERTIFIED,23,43,32,17,0,0
193,bolt,node-other,0,TypeScript,5229,350,95,GOLD,337,2,0,11,0,0
194,generic-ai,nextjs,0,TypeScript,12059,737,93,GOLD,709,3,1,19,5,0
195,lovable,react-vite,1,TypeScript,18147,257,86,CERTIFIED,129,41,53,28,6,0
196,v0,nextjs,1,TypeScript,13623,323,81,CERTIFIED,71,52,107,71,22,0
197,lovable,react-vite,1,TypeScript,105420,1915,87,CERTIFIED,694,361,196,603,61,0
198,v0,nextjs,0,TypeScript,8985,292,86,CERTIFIED,127,60,29,54,22,0
199,bolt,react-vite,1,TypeScript,9036,297,84,CERTIFIED,183,39,42,27,6,0
200,lovable,react-vite,1,TypeScript,259156,5893,79,CERTIFIED,3675,704,799,409,305,1
201,generic-ai,node-other,0,TypeScript,1037,60,94,GOLD,12,0,6,42,0,0
202,lovable,react-vite,1,TypeScript,126389,3039,68,NOT_READY,1084,290,476,1037,152,0
203,lovable,react-vite,1,TypeScript,52338,854,78,CERTIFIED,442,188,115,64,45,0
204,lovable,react-vite,1,TypeScript,29987,623,81,CERTIFIED,352,179,20,37,35,0
205,lovable,react-vite,1,TypeScript,9142,100,80,CERTIFIED,45,6,17,22,10,0
206,v0,nextjs,0,TypeScript,29522,614,80,CERTIFIED,290,78,133,87,26,0
207,lovable,react-vite,1,TypeScript,6311,18,93,GOLD,4,5,6,1,2,0
208,lovable,react-vite,1,TypeScript,94244,2607,72,NOT_READY,1252,434,501,149,271,0
209,bolt,node-other,0,JavaScript,3242,134,82,NOT_READY,70,8,2,38,16,0
210,generic-ai,node-other,0,TypeScript,221555,891,70,NOT_READY,720,23,21,122,5,0
211,v0,nextjs,0,TypeScript,4182,59,87,CERTIFIED,8,2,24,20,5,0
212,lovable,react-vite,1,TypeScript,15988,270,80,NOT_READY,130,68,26,29,17,0
213,v0,nextjs,0,TypeScript,5048,23,92,GOLD,3,0,5,0,15,0
214,generic-ai,node-other,0,TypeScript,147779,348,86,CERTIFIED,165,20,75,85,3,0
215,generic-ai,node-other,0,Python,19812,78,92,GOLD,26,12,12,17,11,0
216,v0,other,0,Python,5400,8,100,GOLD,0,1,1,4,0,2
217,bolt,nextjs,0,Python,262338,11,98,GOLD,0,0,0,2,9,0
218,lovable,react-vite,1,TypeScript,11336,53,87,CERTIFIED,8,9,29,3,4,0
219,lovable,react-vite,1,TypeScript,87715,1931,84,CERTIFIED,782,470,320,218,141,0
220,v0,nextjs,0,TypeScript,11771,68,89,CERTIFIED,7,4,28,16,13,0
221,bolt,vue,0,Python,2032,154,96,GOLD,13,135,1,5,0,0
222,v0,nextjs,1,TypeScript,55185,758,80,CERTIFIED,148,159,261,175,15,0
223,generic-ai,other,0,Python,2696,32,97,GOLD,0,26,3,2,0,1
224,lovable,react-vite,1,TypeScript,37288,1055,75,NOT_READY,528,195,135,52,145,0
225,bolt,react-vite,0,TypeScript,2905,4,95,GOLD,0,0,3,0,1,0
226,v0,nextjs,1,TypeScript,11027,146,89,CERTIFIED,80,19,22,14,11,0
227,v0,nextjs,1,TypeScript,80081,2432,80,CERTIFIED,1569,195,415,147,106,0
228,v0,nextjs,1,JavaScript,20466,494,80,CERTIFIED,274,54,125,36,5,0
229,lovable,react-vite,1,TypeScript,8825,111,81,NOT_READY,53,15,12,11,20,0
230,bolt,react-vite,0,TypeScript,6015,165,89,CERTIFIED,52,14,11,76,12,0
231,lovable,react-vite,0,TypeScript,4454,10,95,GOLD,3,3,0,0,4,0
232,lovable,react-vite,0,TypeScript,10223,81,86,CERTIFIED,27,6,17,9,22,0
233,lovable,react-vite,1,TypeScript,33634,623,81,CERTIFIED,287,102,120,74,40,0
234,generic-ai,node-other,0,JavaScript,11890,292,77,NOT_READY,160,62,26,35,9,0
235,lovable,react-vite,1,TypeScript,59691,616,74,NOT_READY,173,116,175,132,20,0
236,lovable,react-vite,1,TypeScript,41596,732,76,NOT_READY,234,145,221,100,32,0
237,lovable,react-vite,1,TypeScript,121412,2341,73,NOT_READY,969,467,409,287,209,0
238,v0,nextjs,1,TypeScript,38899,581,84,CERTIFIED,333,57,120,67,4,0
239,lovable,react-vite,1,TypeScript,43605,389,81,CERTIFIED,123,101,124,34,7,0
240,lovable,react-vite,1,TypeScript,169705,3592,66,NOT_READY,1332,352,626,1179,103,0
241,generic-ai,node-other,0,JavaScript,1084,47,95,GOLD,18,20,1,7,1,0
242,v0,nextjs,0,TypeScript,28235,301,86,CERTIFIED,103,45,119,34,0,0
243,lovable,react-vite,1,TypeScript,67566,1148,78,CERTIFIED,411,167,326,140,104,0
244,lovable,react-vite,1,TypeScript,64406,1595,72,NOT_READY,564,246,182,503,100,0
245,v0,nextjs,0,TypeScript,2987,14,96,GOLD,0,0,2,0,12,0
246,bolt,react-vite,1,TypeScript,8393,183,88,CERTIFIED,97,20,40,21,5,0
247,lovable,react-vite,0,TypeScript,6212,75,95,GOLD,15,10,0,49,1,0
248,lovable,react-vite,1,TypeScript,26059,462,78,NOT_READY,185,126,95,35,21,0
249,v0,nextjs,0,TypeScript,3728,20,90,GOLD,1,0,8,5,6,0
250,generic-ai,react-vite,0,Python,518985,2,99,GOLD,0,0,0,0,2,0
251,lovable,nextjs,1,TypeScript,106788,2932,84,CERTIFIED,845,384,477,889,337,0
252,v0,nextjs,0,TypeScript,5121,42,88,CERTIFIED,8,1,15,10,8,0
253,v0,react-vite,0,TypeScript,3827,6,91,GOLD,0,0,5,0,1,0
254,lovable,react-vite,1,TypeScript,185515,4728,66,NOT_READY,2103,793,933,607,292,0
255,lovable,react-vite,1,TypeScript,25345,371,80,CERTIFIED,81,84,87,52,67,0
256,lovable,react-vite,1,TypeScript,16255,361,81,CERTIFIED,264,42,31,9,15,0
257,lovable,react-vite,0,TypeScript,6686,97,87,CERTIFIED,81,8,4,2,2,0
258,v0,nextjs,0,TypeScript,2769,8,92,GOLD,3,1,4,0,0,0
259,lovable,react-vite,0,TypeScript,9465,36,89,CERTIFIED,14,8,12,1,1,0
260,lovable,react-vite,1,TypeScript,277525,5253,72,NOT_READY,2767,1143,738,320,285,0
261,lovable,react-vite,1,TypeScript,105861,1691,82,CERTIFIED,699,275,287,395,35,0
262,generic-ai,node-other,0,JavaScript,12201,298,76,NOT_READY,156,72,5,53,12,0
263,lovable,react-vite,0,TypeScript,10229,47,89,CERTIFIED,5,24,2,15,1,0
264,lovable,react-vite,1,TypeScript,48308,578,75,CERTIFIED,175,132,155,47,69,0
265,lovable,react-vite,1,TypeScript,902245,16133,62,NOT_READY,9343,3596,1608,955,631,0
266,lovable,react-vite,1,TypeScript,91387,2053,73,CONDITIONAL,804,542,319,173,215,0
267,lovable,react-vite,1,TypeScript,15984,198,78,CERTIFIED,54,44,75,20,5,0
268,generic-ai,node-other,0,TypeScript,45805,810,79,NOT_READY,690,23,5,39,53,0
269,generic-ai,node-other,0,Python,37124,140,95,GOLD,7,65,18,50,0,0
270,generic-ai,other,0,Python,4784,43,94,GOLD,11,2,0,30,0,0
271,v0,nextjs,1,TypeScript,201172,4852,72,NOT_READY,1718,564,826,1398,346,0
272,lovable,react-vite,1,TypeScript,21376,595,84,CERTIFIED,397,145,26,10,17,0
273,generic-ai,react-vite,0,Python,42024,96,99,GOLD,0,0,0,0,96,0
274,lovable,react-vite,1,TypeScript,2346,15,92,GOLD,3,3,4,3,2,0
275,lovable,react-vite,1,TypeScript,95545,1155,74,NOT_READY,393,171,339,168,84,0
276,lovable,react-vite,1,TypeScript,64591,1345,76,NOT_READY,619,238,306,93,89,0
277,lovable,react-vite,1,TypeScript,11566,121,86,CERTIFIED,49,13,34,18,7,0
278,v0,nextjs,0,TypeScript,11309,68,86,CERTIFIED,10,7,5,4,42,0
279,generic-ai,other,0,JavaScript,207,4,92,NOT_READY,0,0,0,4,0,0
280,bolt,react-vite,0,TypeScript,4115,180,91,GOLD,127,27,16,8,2,0
281,lovable,react-vite,1,TypeScript,19435,428,84,CERTIFIED,243,51,66,30,38,0
282,generic-ai,other,0,JavaScript,4809,60,95,GOLD,3,15,37,5,0,0
283,v0,nextjs,0,TypeScript,5507,13,95,GOLD,8,3,2,0,0,0
284,lovable,react-vite,1,TypeScript,585660,11709,67,NOT_READY,5906,2337,1487,1232,747,0
285,lovable,nextjs,1,TypeScript,27701,404,89,CERTIFIED,156,52,94,59,43,0
286,lovable,react-vite,1,TypeScript,23470,705,89,CERTIFIED,138,423,55,76,11,2
287,lovable,react-vite,1,TypeScript,55066,1387,75,NOT_READY,569,371,229,103,115,0
288,v0,nextjs,0,TypeScript,11829,59,89,CERTIFIED,7,14,5,5,28,0
289,v0,nextjs,0,TypeScript,22449,294,83,CERTIFIED,179,20,36,29,30,0
290,v0,nextjs,0,TypeScript,20119,161,90,GOLD,13,49,82,15,2,0
291,generic-ai,node-other,0,Python,7506,161,94,GOLD,4,94,4,59,0,0
292,v0,nextjs,0,TypeScript,8704,31,91,GOLD,5,4,6,1,15,0
293,lovable,react-vite,1,TypeScript,37931,1460,73,CONDITIONAL,190,133,214,894,29,0
294,lovable,react-vite,1,TypeScript,59861,987,75,NOT_READY,351,323,175,101,37,0
295,lovable,react-vite,1,TypeScript,27724,363,80,CERTIFIED,201,51,39,39,33,0
296,v0,nextjs,1,TypeScript,67101,1782,74,NOT_READY,1132,146,225,242,37,0
297,v0,nextjs,1,TypeScript,31248,500,81,CERTIFIED,88,85,172,149,6,0
298,lovable,react-vite,1,TypeScript,245716,5328,71,NOT_READY,2377,1095,828,576,452,0
299,lovable,react-vite,0,TypeScript,6388,23,88,CERTIFIED,6,3,8,2,4,0
300,bolt,react-vite,1,TypeScript,5086,152,92,GOLD,110,39,1,1,1,0
301,lovable,react-vite,0,TypeScript,8720,32,88,CERTIFIED,5,16,5,3,3,0
302,lovable,react-vite,1,TypeScript,68334,1116,81,CERTIFIED,357,136,255,309,59,0
303,generic-ai,nextjs,0,TypeScript,506557,5327,65,NOT_READY,3430,785,435,513,164,0
304,generic-ai,nextjs,0,TypeScript,3119,71,93,GOLD,8,7,2,54,0,0
305,lovable,remix,1,TypeScript,444140,8167,64,NOT_READY,2931,1232,1987,1548,469,0
306,generic-ai,react-vite,1,TypeScript,6659,48,90,GOLD,18,9,3,1,17,0
307,generic-ai,nextjs,0,TypeScript,3081,38,90,GOLD,8,6,20,2,2,0
308,generic-ai,node-other,0,TypeScript,3855,41,88,CERTIFIED,17,3,3,18,0,0
309,generic-ai,other,0,Python,26187,409,88,CERTIFIED,1,373,7,22,0,6
310,generic-ai,node-other,0,JavaScript,6798,460,87,CERTIFIED,288,9,36,127,0,0
311,lovable,react-vite,1,TypeScript,100510,1254,70,NOT_READY,384,287,264,271,48,0
312,bolt,nextjs,1,TypeScript,4367,78,87,CERTIFIED,37,13,8,4,16,0
313,bolt,nextjs,0,TypeScript,309475,747,77,CERTIFIED,118,12,36,415,166,0
314,v0,nextjs,0,TypeScript,11182,95,87,CERTIFIED,15,28,46,6,0,0
315,lovable,react-vite,1,TypeScript,138924,954,76,CERTIFIED,133,437,314,32,38,0
316,bolt,react-vite,0,TypeScript,6805,84,86,CERTIFIED,27,9,36,9,3,0
317,lovable,react-vite,1,TypeScript,94393,2034,72,NOT_READY,785,316,511,241,181,0
318,lovable,react-vite,1,TypeScript,101149,1666,74,CONDITIONAL,660,337,398,172,99,0
319,bolt,nextjs,0,TypeScript,2861,49,94,GOLD,27,2,8,2,10,0
320,v0,nextjs,0,TypeScript,3391,52,89,CERTIFIED,17,0,4,10,21,0
321,lovable,react-vite,0,TypeScript,14092,128,89,CERTIFIED,23,15,46,43,1,0
322,lovable,react-vite,1,TypeScript,27468,428,83,CERTIFIED,190,83,76,50,29,0
323,lovable,react-vite,1,TypeScript,8564,9,95,GOLD,3,2,0,1,3,0
324,v0,nextjs,0,TypeScript,17699,132,84,CERTIFIED,64,8,7,1,52,0
325,bolt,nextjs,0,TypeScript,21610,314,84,CERTIFIED,139,42,12,100,21,0
326,generic-ai,other,0,Python,470,1,100,GOLD,0,0,0,1,0,0
327,v0,nextjs,0,TypeScript,59296,741,80,NOT_READY,267,94,252,109,19,0
328,bolt,node-other,0,TypeScript,28933,358,82,NOT_READY,291,26,8,33,0,0
329,v0,nextjs,1,TypeScript,9039,69,85,CERTIFIED,14,11,18,14,12,0
330,lovable,react-vite,1,TypeScript,160078,2881,84,CERTIFIED,1108,496,672,402,203,0
331,lovable,react-vite,1,TypeScript,31340,466,81,CERTIFIED,204,78,79,53,52,0
332,generic-ai,node-other,0,JavaScript,523,12,89,CERTIFIED,8,0,2,1,1,0
333,v0,nextjs,1,TypeScript,6102,92,92,GOLD,35,9,25,15,8,0
334,v0,nextjs,1,TypeScript,11825,192,85,CERTIFIED,68,32,52,30,10,0
335,v0,nextjs,0,TypeScript,2779,12,96,GOLD,0,0,4,0,8,0
336,lovable,react-vite,1,TypeScript,101983,1563,73,NOT_READY,507,319,407,148,182,0
337,generic-ai,other,0,Python,4080,124,89,CERTIFIED,11,78,8,19,0,8
338,lovable,react-vite,1,TypeScript,17644,296,88,CERTIFIED,129,19,69,76,3,0
339,lovable,react-vite,1,TypeScript,16642,111,86,CERTIFIED,44,32,23,4,8,0
340,generic-ai,nextjs,1,TypeScript,34548,1346,75,NOT_READY,718,101,261,248,18,0
341,lovable,react-vite,1,TypeScript,307073,6324,71,NOT_READY,4043,1181,608,266,226,0
342,lovable,react-vite,1,TypeScript,21723,322,85,CERTIFIED,32,192,40,36,22,0
343,v0,nextjs,0,TypeScript,2041,12,95,GOLD,9,0,1,0,2,0
344,v0,nextjs,1,TypeScript,19728,515,90,GOLD,291,26,81,98,19,0
345,lovable,react-vite,0,TypeScript,6545,6,97,GOLD,3,2,0,0,1,0
346,lovable,react-vite,1,TypeScript,201475,2818,71,NOT_READY,920,589,605,285,419,0
347,lovable,react-vite,1,TypeScript,17584,412,83,CERTIFIED,216,48,82,35,31,0
348,generic-ai,node-other,0,JavaScript,385,67,95,GOLD,49,2,0,16,0,0
349,lovable,react-vite,1,TypeScript,222957,4988,70,NOT_READY,2059,851,1203,493,382,0
350,lovable,react-vite,1,TypeScript,19020,249,80,CERTIFIED,107,42,43,35,22,0
351,lovable,react-vite,1,TypeScript,75667,1417,82,CERTIFIED,723,246,356,68,24,0
352,lovable,react-vite,1,TypeScript,18546,247,80,CERTIFIED,71,48,85,17,26,0
353,lovable,react-vite,1,TypeScript,207881,2287,70,NOT_READY,778,323,411,426,349,0
354,lovable,react-vite,1,TypeScript,49110,986,76,NOT_READY,514,275,128,40,29,0
355,v0,nextjs,1,TypeScript,137075,3341,77,CERTIFIED,803,490,652,1212,184,0
356,lovable,react-vite,1,TypeScript,22296,1096,79,NOT_READY,783,62,222,23,6,0
357,bolt,nextjs,1,TypeScript,5923,16,94,GOLD,2,2,5,2,5,0
358,lovable,react-vite,0,TypeScript,28326,269,79,CERTIFIED,24,30,132,78,5,0
359,bolt,react-vite,0,TypeScript,574672,6714,78,CERTIFIED,4130,1034,315,922,312,1
360,v0,nextjs,1,TypeScript,22833,932,80,CERTIFIED,107,47,114,629,35,0
361,bolt,node-other,0,TypeScript,2946,63,95,GOLD,20,6,0,37,0,0
362,bolt,react-vite,1,TypeScript,60916,1106,76,CERTIFIED,238,271,230,326,41,0
363,lovable,react-vite,1,TypeScript,107407,2308,76,NOT_READY,787,734,467,183,137,0
364,lovable,react-vite,0,TypeScript,9288,73,89,CERTIFIED,5,48,16,1,3,0
365,generic-ai,other,0,Python,13113,56,90,GOLD,1,24,6,7,3,15
366,v0,nextjs,0,TypeScript,13870,266,87,CERTIFIED,161,9,54,17,25,0
367,lovable,react-vite,0,TypeScript,4870,22,96,GOLD,5,8,6,1,2,0
368,generic-ai,node-other,0,TypeScript,5775,2,99,GOLD,0,0,0,0,2,0
369,lovable,react-vite,1,TypeScript,113623,2059,74,CONDITIONAL,720,291,301,364,383,0
370,lovable,react-vite,1,TypeScript,12833,129,85,CERTIFIED,83,14,13,12,7,0
371,lovable,react-vite,1,TypeScript,241653,3744,72,CONDITIONAL,1815,879,495,363,192,0
372,bolt,other,0,Python,28698,0,100,GOLD,0,0,0,0,0,0
373,lovable,react-vite,0,TypeScript,53027,226,81,CERTIFIED,57,35,57,58,19,0
374,bolt,react-vite,0,TypeScript,77538,3121,71,NOT_READY,1462,171,298,1156,34,0
375,generic-ai,react-vite,0,Python,11973,155,90,GOLD,29,41,52,24,8,1
376,v0,react-vite,0,JavaScript,1360,28,97,GOLD,1,1,0,0,26,0
377,lovable,react-vite,1,TypeScript,87140,928,75,CERTIFIED,366,218,146,88,110,0
378,v0,nextjs,0,TypeScript,8747,113,80,NOT_READY,39,8,41,14,11,0
379,lovable,react-vite,1,TypeScript,181723,2862,82,CERTIFIED,1157,904,349,240,212,0
380,lovable,react-vite,1,TypeScript,126012,2484,73,NOT_READY,858,501,364,584,177,0
381,lovable,react-vite,1,TypeScript,7063,287,82,CERTIFIED,186,42,27,26,6,0
382,lovable,react-vite,1,TypeScript,196527,3132,74,CONDITIONAL,1628,771,339,311,83,0
383,lovable,react-vite,0,TypeScript,5993,6,97,GOLD,3,2,0,0,1,0
384,v0,nextjs,0,TypeScript,10358,32,94,GOLD,9,14,8,1,0,0
385,v0,nextjs,0,TypeScript,4432,21,96,GOLD,0,0,8,8,5,0
386,generic-ai,nextjs,0,TypeScript,9313,131,87,CERTIFIED,50,34,27,9,11,0
387,v0,nextjs,0,TypeScript,1498,18,93,GOLD,4,1,9,4,0,0
388,lovable,react-vite,1,TypeScript,22885,431,78,NOT_READY,240,93,42,20,36,0
389,lovable,react-vite,1,TypeScript,71225,1245,74,NOT_READY,444,174,350,178,99,0
390,generic-ai,node-other,0,TypeScript,12242,524,85,CERTIFIED,403,8,31,79,3,0
391,v0,nextjs,1,TypeScript,10486,240,83,CERTIFIED,141,24,21,45,9,0
392,v0,nextjs,0,TypeScript,11016,49,89,CERTIFIED,15,13,6,3,12,0
393,lovable,react-vite,0,TypeScript,9816,93,85,CERTIFIED,27,26,14,23,3,0
394,v0,nextjs,0,TypeScript,2908,36,91,GOLD,11,0,9,1,15,0
395,v0,nextjs,0,TypeScript,16049,132,92,GOLD,70,18,3,9,32,0
396,v0,nextjs,0,TypeScript,13752,35,94,GOLD,8,11,2,12,2,0
397,lovable,react-vite,1,TypeScript,21959,559,80,CERTIFIED,301,79,121,18,40,0
398,v0,nextjs,0,TypeScript,18828,200,83,CERTIFIED,11,43,69,52,25,0
399,v0,nextjs,0,TypeScript,9359,24,90,GOLD,4,5,3,3,9,0
400,lovable,react-vite,1,TypeScript,11274,124,84,CERTIFIED,22,29,19,47,7,0
401,generic-ai,node-other,0,JavaScript,1293,38,88,CERTIFIED,16,3,1,16,2,0
402,generic-ai,node-other,0,JavaScript,5214,107,85,CERTIFIED,17,13,1,74,2,0
403,bolt,other,0,JavaScript,567,25,94,GOLD,1,0,0,24,0,0
404,lovable,react-vite,1,TypeScript,10522,145,85,CERTIFIED,64,21,25,16,19,0
405,v0,nextjs,0,TypeScript,26091,217,93,GOLD,32,13,10,36,126,0
406,lovable,react-vite,1,TypeScript,182584,3361,69,NOT_READY,1497,607,846,123,288,0
407,bolt,react-vite,1,JavaScript,12072,221,81,CERTIFIED,130,12,42,33,4,0
408,lovable,react-vite,1,TypeScript,12029,82,83,CERTIFIED,15,14,25,6,22,0
409,lovable,react-vite,1,TypeScript,87555,1758,73,NOT_READY,288,188,453,757,72,0
410,generic-ai,node-other,0,JavaScript,6619,102,96,GOLD,72,6,2,22,0,0
411,generic-ai,react-vite,0,JavaScript,113294,567,83,CERTIFIED,308,79,65,36,79,0
412,lovable,react-vite,1,TypeScript,28669,624,78,CERTIFIED,205,128,112,164,15,0
413,generic-ai,react-vite,0,JavaScript,662,9,90,GOLD,3,1,1,2,2,0
414,lovable,react-vite,1,TypeScript,10285,81,90,GOLD,10,10,24,34,3,0
415,generic-ai,other,0,Python,4680,132,91,GOLD,5,75,0,48,2,2
416,v0,nextjs,0,TypeScript,1856,1,99,GOLD,0,0,0,0,1,0
417,generic-ai,node-other,0,TypeScript,3630,6,96,GOLD,0,0,0,0,6,0
418,lovable,react-vite,1,TypeScript,126425,2460,74,NOT_READY,411,785,724,376,157,7
419,lovable,react-vite,0,JavaScript,66789,643,82,CERTIFIED,190,117,293,30,13,0
420,lovable,react-vite,1,TypeScript,67444,1126,77,CERTIFIED,450,158,113,369,36,0
421,bolt,other,0,Python,148,9,98,GOLD,1,5,0,3,0,0
422,lovable,react-vite,0,TypeScript,22713,205,81,CERTIFIED,63,51,47,24,20,0
423,generic-ai,other,0,Python,220664,1006,82,CERTIFIED,11,866,47,33,16,33
424,bolt,nextjs,0,Python,1926,121,96,GOLD,9,106,0,4,2,0
